x,y
0.01,0
0.0199984,0.000180361
0.0299919,0.000540364
0.0399774,0.00107917
0.0499517,0.00179585
0.0599117,0.00268934
0.0698543,0.00375848
0.0797767,0.00500202
0.0896759,0.0064186
0.099549,0.00800677
0.109393,0.009765
0.119206,0.0116917
0.128984,0.0137851
0.138726,0.0160434
0.148428,0.0184648
0.158089,0.0210474
0.167706,0.0237892
0.177276,0.0266882
0.186799,0.0297422
0.196271,0.0329491
0.20569,0.0363067
0.215055,0.0398128
0.224364,0.0434651
0.233616,0.0472613
0.242808,0.0511991
0.251939,0.0552761
0.261008,0.05949
0.270013,0.0638383
0.278953,0.0683187
0.287827,0.0729287
0.296634,0.077666
0.305372,0.082528
0.314041,0.0875125
0.322641,0.0926169
0.331169,0.0978389
0.339625,0.103176
0.34801,0.108626
0.356321,0.114186
0.36456,0.119855
0.372724,0.125629
0.380815,0.131506
0.388831,0.137485
0.396772,0.143562
0.404639,0.149736
0.41243,0.156004
0.420147,0.162365
0.427788,0.168815
0.435355,0.175354
0.442846,0.181978
0.450262,0.188686
0.457604,0.195475
0.464872,0.202344
0.472065,0.209291
0.479184,0.216314
0.486229,0.223411
0.493201,0.23058
0.5001,0.237818
0.506927,0.245126
0.513681,0.2525
0.520364,0.259939
0.526976,0.267441
0.533517,0.275005
0.539988,0.282629
0.54639,0.290311
0.552723,0.298051
0.558987,0.305845
0.565184,0.313694
0.571313,0.321595
0.577376,0.329548
0.583373,0.33755
0.589305,0.3456
0.595173,0.353698
0.600977,0.361841
0.606718,0.370029
0.612396,0.378261
0.618013,0.386534
0.623568,0.394849
0.629064,0.403204
0.6345,0.411597
0.639877,0.420028
0.645196,0.428496
0.650458,0.437
0.655663,0.445539
0.660812,0.454111
0.665906,0.462716
0.670946,0.471354
0.675932,0.480022
0.680865,0.48872
0.685746,0.497448
0.690575,0.506205
0.695354,0.514989
0.700082,0.523801
0.704761,0.532639
0.709392,0.541502
0.713974,0.55039
0.71851,0.559303
0.722998,0.568239
0.727441,0.577197
0.731839,0.586178
0.736193,0.595181
0.740502,0.604205
0.744769,0.613249
0.748993,0.622313
0.753175,0.631396
0.757317,0.640498
0.761417,0.649619
0.765478,0.658757
0.7695,0.667913
0.773483,0.677085
0.777429,0.686274
0.781337,0.695479
0.785208,0.704699
0.789043,0.713934
0.792843,0.723184
0.796608,0.732449
0.800338,0.741727
0.804035,0.751018
0.807698,0.760323
0.811329,0.769641
0.814928,0.778971
0.818495,0.788313
0.822032,0.797667
0.825538,0.807032
0.829014,0.816408
0.83246,0.825796
0.835878,0.835193
0.839279,0.844597
0.842658,0.854009
0.846017,0.863428
0.849355,0.872854
0.852674,0.882288
0.855973,0.891728
0.859252,0.901175
0.862513,0.910628
0.865755,0.920088
0.868979,0.929554
0.872186,0.939026
0.875375,0.948504
0.878547,0.957988
0.881702,0.967477
0.884841,0.976971
0.887963,0.986471
0.89107,0.995977
0.894162,1.00549
0.897238,1.015
0.900299,1.02452
0.903346,1.03405
0.906379,1.04358
0.909398,1.05311
0.912403,1.06265
0.915394,1.07219
0.918373,1.08173
0.921338,1.09128
0.924291,1.10084
0.927232,1.1104
0.930161,1.11996
0.933078,1.12952
0.935983,1.13909
0.938877,1.14866
0.941761,1.15824
0.944633,1.16782
0.947495,1.1774
0.950346,1.18698
0.953187,1.19657
0.956019,1.20616
0.95884,1.21576
0.961653,1.22535
0.964456,1.23495
0.96725,1.24455
0.970035,1.25416
0.972812,1.26377
0.97558,1.27337
0.978341,1.28299
0.981093,1.2926
0.983837,1.30222
0.986574,1.31183
0.989303,1.32145
0.992025,1.33108
0.99474,1.3407
0.997448,1.35033
1.00015,1.35996
1.00284,1.36959
1.00553,1.37922
1.00821,1.38885
1.01089,1.39849
1.01356,1.40812
1.01623,1.41776
1.01888,1.4274
1.02154,1.43704
1.02419,1.44669
1.02683,1.45633
1.02947,1.46598
1.0321,1.47562
1.03473,1.48527
1.03735,1.49492
1.03997,1.50457
1.04259,1.51422
1.0452,1.52388
1.0478,1.53353
1.05041,1.54319
1.05301,1.55284
1.0556,1.5625
1.05819,1.57216
1.06078,1.58182
1.06337,1.59148
1.06595,1.60114
1.06853,1.6108
1.0711,1.62046
1.07368,1.63013
1.07625,1.63979
1.07881,1.64946
1.08138,1.65912
1.08394,1.66879
1.0865,1.67845
1.08906,1.68812
1.09161,1.69779
1.09417,1.70746
1.09672,1.71713
1.09927,1.7268
1.10187,1.73645
1.10449,1.7461
1.10712,1.75575
1.10977,1.76539
1.11244,1.77503
1.11512,1.78467
1.11781,1.7943
1.12052,1.80392
1.12325,1.81354
1.12599,1.82316
1.12874,1.83277
1.13151,1.84238
1.13429,1.85199
1.13708,1.86159
1.13989,1.87119
1.14271,1.88078
1.14555,1.89037
1.14839,1.89996
1.15126,1.90954
1.15413,1.91912
1.15701,1.92869
1.15991,1.93826
1.16282,1.94783
1.16574,1.95739
1.16868,1.96695
1.17162,1.97651
1.17458,1.98606
1.17755,1.99561
1.18053,2.00516
1.18352,2.0147
1.18653,2.02424
1.18954,2.03377
1.19256,2.04331
1.1956,2.05283
1.19864,2.06236
1.2017,2.07188
1.20477,2.0814
1.20784,2.09091
1.21093,2.10043
1.21402,2.10993
1.21713,2.11944
1.22025,2.12894
1.22337,2.13844
1.22651,2.14794
1.22965,2.15743
1.2328,2.16692
1.23597,2.17641
1.23914,2.18589
1.24232,2.19537
1.24551,2.20485
1.24871,2.21432
1.25191,2.22379
1.25513,2.23326
1.25835,2.24273
1.26159,2.25219
1.26483,2.26165
1.26807,2.27111
1.27133,2.28057
1.2746,2.29002
1.27787,2.29947
1.28115,2.30891
1.28444,2.31836
1.28773,2.3278
1.29103,2.33724
1.29435,2.34667
1.29766,2.35611
1.30099,2.36554
1.30432,2.37497
1.30766,2.38439
1.31101,2.39382
1.31436,2.40324
1.31793,2.41258
1.32155,2.4219
1.32522,2.4312
1.32893,2.44049
1.33269,2.44976
1.33649,2.459
1.34034,2.46823
1.34423,2.47745
1.34817,2.48664
1.35215,2.49581
1.35617,2.50497
1.36023,2.51411
1.36433,2.52323
1.36847,2.53233
1.37265,2.54142
1.37686,2.55048
1.38112,2.55953
1.38541,2.56857
1.38974,2.57758
1.3941,2.58658
1.3985,2.59556
1.40294,2.60452
1.4074,2.61347
1.4119,2.6224
1.41644,2.63131
1.42101,2.64021
1.4256,2.64909
1.43023,2.65795
1.43489,2.6668
1.43958,2.67563
1.44431,2.68445
1.44905,2.69325
1.45383,2.70203
1.45864,2.7108
1.46347,2.71955
1.46834,2.72829
1.47322,2.73701
1.47814,2.74572
1.48308,2.75442
1.48805,2.7631
1.49304,2.77176
1.49806,2.78041
1.5031,2.78905
1.50816,2.79767
1.51404,2.80576
1.52003,2.81377
1.52611,2.8217
1.5323,2.82956
1.53859,2.83734
1.54497,2.84503
1.55145,2.85265
1.55802,2.86019
1.56468,2.86765
1.57143,2.87503
1.57826,2.88233
1.58518,2.88955
1.59218,2.89669
1.59926,2.90375
1.60642,2.91073
1.61366,2.91764
1.62097,2.92446
1.62836,2.9312
1.63581,2.93786
1.64334,2.94445
1.65093,2.95096
1.65859,2.95739
1.66631,2.96374
1.6741,2.97001
1.68195,2.97621
1.68986,2.98233
1.69782,2.98838
1.70584,2.99435
1.71397,3.00018
1.7222,3.00585
1.73054,3.01137
1.73898,3.01674
1.74752,3.02195
1.75615,3.027
1.76487,3.03189
1.77368,3.03661
1.78258,3.04118
1.79155,3.04559
1.80061,3.04983
1.80974,3.05391
1.81894,3.05783
1.82821,3.06158
1.83755,3.06516
1.84694,3.06859
1.8564,3.07185
1.8659,3.07494
1.87547,3.07787
1.88508,3.08064
1.89473,3.08324
1.90443,3.08568
1.91416,3.08796
1.92394,3.09008
1.93374,3.09204
1.94358,3.09384
1.95345,3.09548
1.96334,3.09696
1.97325,3.09829
1.98318,3.09946
1.99313,3.10048
2.00309,3.10135
2.01306,3.10207
2.02305,3.10263
2.03304,3.10305
2.04303,3.10333
2.05303,3.10346
2.06303,3.10345
2.07303,3.10329
2.08303,3.103
2.09302,3.10257
2.103,3.10201
2.11298,3.10131
2.12294,3.10048
2.1329,3.09952
2.14284,3.09843
2.15276,3.09721
2.16267,3.09587
2.17257,3.09441
2.18244,3.09283
2.19229,3.09113
2.20213,3.08931
2.21194,3.08738
2.22173,3.08533
2.23149,3.08318
2.24123,3.08091
2.25095,3.07854
2.26063,3.07606
2.2703,3.07348
2.27993,3.0708
2.28953,3.06802
2.29911,3.06513
2.30866,3.06216
2.31817,3.05909
2.32766,3.05592
2.33712,3.05267
2.34654,3.04932
2.35593,3.04589
2.36545,3.04284
2.37493,3.03964
2.38436,3.0363
2.39373,3.03282
2.40305,3.0292
2.41232,3.02545
2.42154,3.02157
2.4307,3.01755
2.4398,3.01341
2.44884,3.00915
2.45783,3.00476
2.46676,3.00025
2.47562,2.99563
2.48443,2.99089
2.49317,2.98604
2.50185,2.98107
2.51047,2.976
2.51903,2.97083
2.52752,2.96555
2.53595,2.96017
2.54432,2.95469
2.55262,2.94911
2.56086,2.94344
2.56903,2.93768
2.57714,2.93183
2.58518,2.92589
2.59316,2.91986
2.60108,2.91375
2.60893,2.90756
2.61672,2.90129
2.62444,2.89494
2.6321,2.88851
2.6397,2.88201
2.64724,2.87544
2.65471,2.86879
2.66212,2.86208
2.66947,2.8553
2.67676,2.84845
2.68399,2.84154
2.69116,2.83456
2.69826,2.82753
2.70531,2.82044
2.7123,2.81328
2.71923,2.80608
2.7261,2.79881
2.73292,2.79149
2.73968,2.78412
2.74638,2.7767
2.75303,2.76923
2.75962,2.76171
2.76616,2.75415
2.77264,2.74653
2.77907,2.73888
2.78545,2.73117
2.79178,2.72343
2.79806,2.71564
2.80428,2.70782
2.81046,2.69995
2.81658,2.69205
2.82266,2.68411
2.82869,2.67613
2.83467,2.66811
2.8406,2.66006
2.84649,2.65198
2.85233,2.64387
2.85813,2.63572
2.86388,2.62754
2.86959,2.61933
2.87526,2.61109
2.88089,2.60282
2.88647,2.59453
2.89201,2.5862
2.89751,2.57785
2.90297,2.56947
2.9084,2.56107
2.91378,2.55264
2.91912,2.54419
2.92443,2.53572
2.9297,2.52722
2.93494,2.5187
2.94014,2.51016
2.9453,2.50159
2.95043,2.49301
2.95553,2.48441
2.96059,2.47578
2.96562,2.46714
2.97061,2.45848
2.97558,2.44979
2.98051,2.4411
2.98541,2.43238
2.99038,2.4237
2.9953,2.415
3.00017,2.40626
3.00498,2.3975
3.00975,2.3887
3.01446,2.37989
3.01913,2.37104
3.02375,2.36217
3.02832,2.35328
3.03284,2.34436
3.03732,2.33542
3.04176,2.32646
3.04615,2.31747
3.05049,2.30846
3.05479,2.29944
3.05905,2.29039
3.06327,2.28132
3.06745,2.27224
3.07158,2.26313
3.07568,2.25401
3.07974,2.24487
3.08376,2.23571
3.08774,2.22654
3.09168,2.21735
3.09559,2.20815
3.09946,2.19893
3.1033,2.18969
3.1071,2.18044
3.11087,2.17118
3.11461,2.1619
3.11831,2.15261
3.12198,2.14331
3.12562,2.134
3.12923,2.12467
3.13281,2.11533
3.13635,2.10598
3.13987,2.09662
3.14336,2.08725
3.14682,2.07787
3.15025,2.06848
3.15366,2.05907
3.15704,2.04966
3.16039,2.04024
3.16372,2.03081
3.16702,2.02137
3.17029,2.01192
3.17355,2.00247
3.17677,1.993
3.17998,1.98353
3.18316,1.97405
3.18632,1.96456
3.18946,1.95507
3.19257,1.94556
3.19567,1.93605
3.19874,1.92654
3.20179,1.91702
3.20482,1.90749
3.20784,1.89795
3.21083,1.88841
3.21381,1.87886
3.21676,1.86931
3.2197,1.85975
3.22262,1.85019
3.22553,1.84062
3.22842,1.83105
3.23129,1.82147
3.23414,1.81188
3.23698,1.80229
3.2398,1.7927
3.24261,1.7831
3.2454,1.7735
3.24818,1.76389
3.25094,1.75428
3.25369,1.74467
3.25643,1.73505
3.25915,1.72543
3.26186,1.7158
3.26456,1.70617
3.26724,1.69654
3.26992,1.6869
3.27258,1.67726
3.27523,1.66762
3.27787,1.65798
3.28049,1.64833
3.28311,1.63868
3.28571,1.62902
3.28831,1.61936
3.29089,1.6097
3.29347,1.60004
3.29604,1.59038
3.29859,1.58071
3.30114,1.57104
3.30368,1.56137
3.30621,1.55169
3.30873,1.54201
3.31124,1.53234
3.31375,1.52265
3.31625,1.51297
3.31874,1.50329
3.32122,1.4936
3.32371,1.48391
3.32618,1.47422
3.32864,1.46453
3.33108,1.45483
3.3335,1.44513
3.33591,1.43543
3.33831,1.42572
3.34069,1.416
3.34305,1.40629
3.3454,1.39657
3.34774,1.38685
3.35007,1.37712
3.35238,1.36739
3.35468,1.35766
3.35696,1.34792
3.35924,1.33818
3.3615,1.32844
3.36375,1.3187
3.36599,1.30895
3.36822,1.29921
3.37043,1.28945
3.37264,1.2797
3.37483,1.26994
3.37702,1.26019
3.3792,1.25043
3.38136,1.24066
3.38352,1.2309
3.38567,1.22113
3.38781,1.21136
3.38994,1.20159
3.39206,1.19182
3.39417,1.18205
3.39628,1.17227
3.39837,1.16249
3.40046,1.15271
3.40255,1.14293
3.40462,1.13315
3.40669,1.12337
3.40875,1.11358
3.4108,1.1038
3.41285,1.09401
3.41489,1.08422
3.41693,1.07443
3.41896,1.06464
3.42098,1.05484
3.423,1.04505
3.42502,1.03525
3.42702,1.02546
3.42903,1.01566
3.43102,1.00586
3.43302,0.996061
3.435,0.986261
3.43699,0.97646
3.43897,0.966658
3.44094,0.956855
3.44291,0.947051
3.44488,0.937246
3.44685,0.927441
3.44881,0.917635
3.45076,0.907828
3.45272,0.898021
3.45467,0.888213
3.45661,0.878404
3.45856,0.868595
3.4605,0.858785
3.46244,0.848975
3.46437,0.839164
3.4663,0.829353
3.46824,0.819541
3.47016,0.809729
3.47209,0.799916
3.47402,0.790103
3.47594,0.78029
3.47786,0.770476
3.47978,0.760662
3.4817,0.750847
3.48361,0.741032
3.48553,0.731217
3.48744,0.721402
3.48935,0.711587
3.49126,0.701771
3.49317,0.691955
3.49508,0.682139
3.49699,0.672322
3.4989,0.662506
3.5008,0.652689
3.50271,0.642873
3.50461,0.633056
3.50652,0.623239
3.50842,0.613422
3.51033,0.603605
3.51223,0.593788
3.51413,0.583971
3.51604,0.574153
3.51794,0.564336
3.51984,0.554519
3.52175,0.544702
3.52365,0.534885
3.52556,0.525068
3.52746,0.515251
3.52937,0.505434
3.53127,0.495617
3.53318,0.485801
3.53508,0.475984
3.53699,0.466168
3.5389,0.456351
3.54081,0.446535
3.54272,0.436719
3.54462,0.426903
3.54653,0.417087
3.54844,0.407271
3.55035,0.397454
3.55226,0.387638
3.55416,0.377821
3.55607,0.368004
3.55797,0.358187
3.55988,0.348371
3.56178,0.338554
3.56369,0.328737
3.56559,0.31892
3.5675,0.309103
3.5694,0.299286
3.5713,0.289469
3.57321,0.279652
3.57511,0.269835
3.57702,0.260018
3.57893,0.250201
3.58083,0.240385
3.58274,0.230568
3.58464,0.220751
3.58655,0.210935
3.58846,0.201119
3.59037,0.191303
3.59228,0.181487
3.59419,0.171671
3.5961,0.161855
3.59801,0.152039
3.59992,0.142224
3.60184,0.132409
3.60375,0.122594
3.60567,0.112779
3.60758,0.102965
3.6095,0.0931503
3.61142,0.0833363
3.61334,0.0735224
3.61526,0.0637088
3.61719,0.0538954
3.61911,0.0440824
3.62104,0.0342695
3.62296,0.024457
3.62489,0.0146448
3.62682,0.00483281
3.62876,-0.00497884
3.63069,-0.0147902
3.63262,-0.0246012
3.63456,-0.0344119
3.6365,-0.0442223
3.63844,-0.0540323
3.64038,-0.063842
3.64232,-0.0736514
3.64427,-0.0834604
3.64622,-0.093269
3.64816,-0.103077
3.65011,-0.112885
3.65207,-0.122693
3.65402,-0.1325
3.65598,-0.142307
3.65794,-0.152113
3.6599,-0.161919
3.66186,-0.171724
3.66382,-0.181529
3.66579,-0.191334
3.66776,-0.201138
3.66973,-0.210942
3.6717,-0.220746
3.67368,-0.230549
3.67566,-0.240351
3.67764,-0.250153
3.67962,-0.259955
3.6816,-0.269756
3.68359,-0.279557
3.68558,-0.289357
3.68757,-0.299157
3.68956,-0.308957
3.69156,-0.318755
3.69355,-0.328554
3.69555,-0.338352
3.69756,-0.348149
3.69956,-0.357946
3.70157,-0.367743
3.70358,-0.377539
3.70559,-0.387334
3.70761,-0.397129
3.70962,-0.406923
3.71164,-0.416717
3.71366,-0.426511
3.71569,-0.436304
3.71772,-0.446096
3.71975,-0.455888
3.72178,-0.465679
3.72381,-0.47547
3.72585,-0.48526
3.72789,-0.49505
3.72993,-0.504839
3.73198,-0.514628
3.73402,-0.524416
3.73607,-0.534204
3.73813,-0.543991
3.74018,-0.553777
3.74224,-0.563563
3.7443,-0.573349
3.74636,-0.583134
3.74843,-0.592918
3.7505,-0.602702
3.75257,-0.612485
3.75464,-0.622267
3.75673,-0.632048
3.75882,-0.641827
3.76091,-0.651605
3.76302,-0.661381
3.76513,-0.671155
3.76725,-0.680928
3.76938,-0.690699
3.77151,-0.700468
3.77365,-0.710236
3.7758,-0.720003
3.77796,-0.729768
3.78012,-0.739531
3.78229,-0.749293
3.78447,-0.759054
3.78665,-0.768813
3.78884,-0.77857
3.79103,-0.788326
3.79323,-0.798081
3.79544,-0.807834
3.79766,-0.817585
3.79988,-0.827335
3.80211,-0.837084
3.80434,-0.846832
3.80658,-0.856577
3.80883,-0.866322
3.81108,-0.876065
3.81334,-0.885807
3.8156,-0.895547
3.81787,-0.905286
3.82014,-0.915024
3.82243,-0.92476
3.82471,-0.934495
3.82701,-0.944229
3.8293,-0.953961
3.83161,-0.963692
3.83392,-0.973422
3.83623,-0.98315
3.83855,-0.992877
3.84088,-1.0026
3.84321,-1.01233
3.84554,-1.02205
3.84789,-1.03177
3.85023,-1.04149
3.85258,-1.05121
3.85494,-1.06093
3.8573,-1.07065
3.85967,-1.08036
3.86204,-1.09008
3.86442,-1.09979
3.8668,-1.1095
3.86919,-1.11922
3.87158,-1.12893
3.87398,-1.13863
3.87638,-1.14834
3.87878,-1.15805
3.88119,-1.16775
3.88361,-1.17746
3.88603,-1.18716
3.88845,-1.19686
3.89088,-1.20656
3.89332,-1.21626
3.89575,-1.22596
3.8982,-1.23566
3.90064,-1.24535
3.90309,-1.25505
3.90555,-1.26474
3.90801,-1.27443
3.91047,-1.28413
3.91294,-1.29382
3.91541,-1.30351
3.91789,-1.31319
3.92037,-1.32288
3.92286,-1.33257
3.92534,-1.34225
3.92784,-1.35194
3.93033,-1.36162
3.93284,-1.3713
3.93534,-1.38098
3.93785,-1.39066
3.94036,-1.40034
3.94288,-1.41002
3.9454,-1.4197
3.94792,-1.42938
3.95045,-1.43905
3.95298,-1.44872
3.95552,-1.4584
3.95806,-1.46807
3.9606,-1.47774
3.96315,-1.48741
3.9657,-1.49708
3.96825,-1.50675
3.97081,-1.51642
3.97337,-1.52608
3.97594,-1.53575
3.97851,-1.54541
3.98108,-1.55508
3.98365,-1.56474
3.98623,-1.5744
3.98884,-1.58406
3.99146,-1.5937
3.99411,-1.60335
3.99677,-1.61299
3.99944,-1.62262
4.00214,-1.63225
4.00485,-1.64188
4.00757,-1.6515
4.01031,-1.66112
4.01307,-1.67073
4.01584,-1.68034
4.01863,-1.68994
4.02144,-1.69954
4.02425,-1.70914
4.02709,-1.71873
4.02993,-1.72831
4.03279,-1.73789
4.03567,-1.74747
4.03856,-1.75705
4.04146,-1.76662
4.04438,-1.77618
4.04731,-1.78574
4.05025,-1.7953
4.0532,-1.80485
4.05617,-1.8144
4.05915,-1.82395
4.06214,-1.83349
4.06515,-1.84303
4.06816,-1.85256
4.07119,-1.86209
4.07423,-1.87162
4.07728,-1.88114
4.08034,-1.89066
4.08342,-1.90018
4.0865,-1.90969
4.08959,-1.9192
4.0927,-1.92871
4.09582,-1.93821
4.09894,-1.94771
4.10208,-1.9572
4.10523,-1.96669
4.10838,-1.97618
4.11155,-1.98567
4.11472,-1.99515
4.11791,-2.00463
4.1211,-2.01411
4.12431,-2.02358
4.12752,-2.03305
4.13074,-2.04252
4.13397,-2.05198
4.13721,-2.06144
4.14046,-2.0709
4.14372,-2.08035
4.14698,-2.0898
4.15026,-2.09925
4.15354,-2.1087
4.15683,-2.11814
4.16012,-2.12758
4.16343,-2.13702
4.16674,-2.14646
4.17006,-2.15589
4.17339,-2.16532
4.17673,-2.17475
4.18007,-2.18417
4.18342,-2.19359
4.18678,-2.20301
4.19014,-2.21243
4.19351,-2.22185
4.19689,-2.23126
4.20028,-2.24067
4.20367,-2.25007
4.20706,-2.25948
4.21047,-2.26888
4.21388,-2.27828
4.2173,-2.28768
4.22072,-2.29708
4.22415,-2.30647
4.22759,-2.31586
4.23103,-2.32525
4.23455,-2.33461
4.23811,-2.34396
4.2417,-2.35329
4.24534,-2.3626
4.24902,-2.3719
4.25273,-2.38119
4.25647,-2.39046
4.26026,-2.39971
4.26408,-2.40896
4.26793,-2.41818
4.27182,-2.4274
4.27574,-2.4366
4.2797,-2.44578
4.28368,-2.45495
4.2877,-2.46411
4.29175,-2.47325
4.29583,-2.48238
4.29995,-2.4915
4.30409,-2.5006
4.30826,-2.50969
4.31246,-2.51876
4.31668,-2.52783
4.32094,-2.53688
4.32522,-2.54591
4.32953,-2.55494
4.33387,-2.56395
4.33823,-2.57295
4.34262,-2.58193
4.34703,-2.59091
4.35147,-2.59987
4.35593,-2.60882
4.36041,-2.61775
4.36492,-2.62668
4.36945,-2.63559
4.37401,-2.6445
4.37859,-2.65339
4.38318,-2.66227
4.3878,-2.67114
4.39245,-2.67999
4.39711,-2.68884
4.40179,-2.69768
4.40649,-2.7065
4.41122,-2.71532
4.41596,-2.72412
4.42072,-2.73291
4.4255,-2.7417
4.4303,-2.75047
4.43511,-2.75924
4.43995,-2.76799
4.4448,-2.77673
4.44967,-2.78547
4.45455,-2.79419
4.45946,-2.80291
4.46438,-2.81162
4.46931,-2.82031
4.47448,-2.82887
4.47975,-2.83737
4.4851,-2.84582
4.49055,-2.8542
4.49609,-2.86253
4.50172,-2.8708
4.50743,-2.87901
4.51322,-2.88716
4.5191,-2.89525
4.52506,-2.90328
4.5311,-2.91125
4.53721,-2.91916
4.5434,-2.92702
4.54966,-2.93481
4.556,-2.94255
4.56241,-2.95022
4.56888,-2.95784
4.57543,-2.9654
4.58204,-2.97291
4.58872,-2.98035
4.59546,-2.98774
4.60226,-2.99507
4.60912,-3.00234
4.61604,-3.00956
4.62302,-3.01672
4.63006,-3.02383
4.63715,-3.03088
4.6443,-3.03788
4.65149,-3.04482
4.65874,-3.0517
4.66605,-3.05854
4.6734,-3.06532
4.68079,-3.07204
4.68824,-3.07872
4.69573,-3.08534
4.70327,-3.09192
4.71085,-3.09844
4.71798,-3.10545
4.72525,-3.11232
4.73264,-3.11905
4.74016,-3.12565
4.74779,-3.1321
4.75555,-3.13841
4.76342,-3.14458
4.77141,-3.1506
4.7795,-3.15647
4.7877,-3.1622
4.796,-3.16777
4.8044,-3.1732
4.8129,-3.17847
4.82149,-3.18359
4.83017,-3.18856
4.83894,-3.19337
4.84778,-3.19803
4.85671,-3.20253
4.86572,-3.20688
4.87479,-3.21108
4.88394,-3.21512
4.89316,-3.219
4.90243,-3.22274
4.91177,-3.22631
4.92117,-3.22974
4.93062,-3.23301
4.94012,-3.23613
4.94967,-3.2391
4.95926,-3.24192
4.9689,-3.24458
4.97858,-3.2471
4.98829,-3.24947
4.99804,-3.2517
5.00782,-3.25378
5.01763,-3.25571
5.02747,-3.2575
5.03733,-3.25915
5.04722,-3.26066
5.05713,-3.26203
5.06705,-3.26326
5.07699,-3.26436
5.08694,-3.26532
5.09691,-3.26615
5.10688,-3.26685
5.11687,-3.26742
5.12686,-3.26786
5.13685,-3.26817
5.14685,-3.26836
5.15685,-3.26843
5.16685,-3.26838
5.17685,-3.2682
5.18685,-3.26791
5.19684,-3.2675
5.20682,-3.26698
5.2168,-3.26635
5.22678,-3.2656
5.23674,-3.26475
5.24669,-3.26379
5.25664,-3.26272
5.26657,-3.26155
5.27649,-3.26028
5.28639,-3.2589
5.29628,-3.25743
5.30616,-3.25586
5.31602,-3.2542
5.32586,-3.25244
5.33569,-3.25059
5.3455,-3.24865
5.35529,-3.24662
5.36507,-3.2445
5.37498,-3.24324
5.38488,-3.2418
5.39475,-3.2402
5.4046,-3.23844
5.41441,-3.23652
5.42419,-3.23443
5.43394,-3.23219
5.44364,-3.2298
5.45331,-3.22725
5.46294,-3.22456
5.47253,-3.22171
5.48208,-3.21872
5.49157,-3.21559
5.50102,-3.21233
5.51042,-3.20892
5.51978,-3.20538
5.52908,-3.2017
5.53833,-3.1979
5.54752,-3.19397
5.55666,-3.18991
5.56575,-3.18573
5.57478,-3.18144
5.58375,-3.17702
5.59266,-3.17249
5.60152,-3.16785
5.61032,-3.16309
5.61906,-3.15823
5.62774,-3.15327
5.63636,-3.1482
5.64491,-3.14302
5.65341,-3.13775
5.66185,-3.13239
5.67023,-3.12693
5.67854,-3.12137
5.6868,-3.11573
5.69499,-3.11
5.70313,-3.10418
5.7112,-3.09828
5.71921,-3.09229
5.72716,-3.08623
5.73506,-3.08009
5.74289,-3.07387
5.75066,-3.06758
5.75837,-3.06121
5.76602,-3.05477
5.77362,-3.04827
5.78115,-3.04169
5.78863,-3.03505
5.79605,-3.02835
5.80341,-3.02158
5.81071,-3.01475
5.81796,-3.00786
5.82516,-3.00091
5.83229,-2.99391
5.83938,-2.98685
5.8464,-2.97974
5.85338,-2.97257
5.8603,-2.96535
5.86717,-2.95808
5.87398,-2.95077
5.88075,-2.9434
5.88746,-2.93599
5.89413,-2.92854
5.90074,-2.92103
5.9073,-2.91349
5.91382,-2.90591
5.92029,-2.89828
5.92671,-2.89061
5.93308,-2.88291
5.93941,-2.87516
5.94569,-2.86738
5.95193,-2.85956
5.95812,-2.85171
5.96427,-2.84383
5.97037,-2.83591
5.97644,-2.82795
5.98246,-2.81997
5.98844,-2.81196
5.99438,-2.80391
6.00028,-2.79583
6.00614,-2.78773
6.01196,-2.7796
6.01774,-2.77144
6.02348,-2.76326
6.02919,-2.75504
6.03486,-2.74681
6.0405,-2.73855
6.04609,-2.73026
6.05166,-2.72195
6.05719,-2.71362
6.06268,-2.70527
6.06815,-2.69689
6.07358,-2.68849
6.07913,-2.68018
6.08463,-2.67182
6.09006,-2.66343
6.09544,-2.655
6.10076,-2.64653
6.10602,-2.63802
6.11123,-2.62949
6.11638,-2.62091
6.12147,-2.61231
6.12651,-2.60367
6.1315,-2.59501
6.13644,-2.58631
6.14132,-2.57759
6.14616,-2.56883
6.15094,-2.56005
6.15568,-2.55124
6.16037,-2.54241
6.165,-2.53355
6.1696,-2.52467
6.17414,-2.51576
6.17864,-2.50683
6.1831,-2.49788
6.18751,-2.4889
6.19188,-2.47991
6.1962,-2.47089
6.20048,-2.46185
6.20472,-2.4528
6.20893,-2.44372
6.21309,-2.43463
6.21721,-2.42552
6.22129,-2.41639
6.22534,-2.40725
6.22935,-2.39808
6.23332,-2.38891
6.23725,-2.37971
6.24115,-2.3705
6.24502,-2.36128
6.24885,-2.35204
6.25265,-2.34279
6.25641,-2.33353
6.26014,-2.32425
6.26384,-2.31496
6.26751,-2.30566
6.27115,-2.29635
6.27476,-2.28702
6.27834,-2.27768
6.28189,-2.26833
6.28541,-2.25897
6.28891,-2.2496
6.29237,-2.24022
6.29581,-2.23083
6.29923,-2.22143
6.30261,-2.21203
6.30597,-2.20261
6.30931,-2.19318
6.31262,-2.18375
6.31591,-2.1743
6.31918,-2.16485
6.32242,-2.15539
6.32564,-2.14592
6.32884,-2.13645
6.33202,-2.12697
6.33517,-2.11748
6.3383,-2.10798
6.34142,-2.09848
6.34451,-2.08897
6.34759,-2.07945
6.35064,-2.06993
6.35368,-2.0604
6.3567,-2.05087
6.3597,-2.04133
6.36268,-2.03179
6.36565,-2.02224
6.36859,-2.01268
6.37153,-2.00312
6.37444,-1.99355
6.37734,-1.98398
6.38023,-1.97441
6.3831,-1.96483
6.38595,-1.95525
6.38879,-1.94566
6.39162,-1.93607
6.39443,-1.92647
6.39723,-1.91687
6.40002,-1.90727
6.40279,-1.89766
6.40555,-1.88805
6.4083,-1.87843
6.41104,-1.86881
6.41376,-1.85919
6.41648,-1.84957
6.41918,-1.83994
6.42187,-1.83031
6.42455,-1.82067
6.42722,-1.81104
6.42988,-1.8014
6.43253,-1.79176
6.43518,-1.78211
6.43784,-1.77247
6.44047,-1.76283
6.44309,-1.75317
6.44569,-1.74352
6.44826,-1.73385
6.45082,-1.72419
6.45335,-1.71451
6.45587,-1.70483
6.45837,-1.69515
6.46085,-1.68546
6.46331,-1.67577
6.46575,-1.66607
6.46818,-1.65637
6.47059,-1.64667
6.47298,-1.63696
6.47536,-1.62725
6.47772,-1.61753
6.48006,-1.60781
6.48239,-1.59808
6.48471,-1.58835
6.48701,-1.57862
6.48929,-1.56889
6.49157,-1.55915
6.49382,-1.54941
6.49607,-1.53966
6.4983,-1.52991
6.50052,-1.52016
6.50273,-1.51041
6.50492,-1.50065
6.50711,-1.4909
6.50928,-1.48113
6.51144,-1.47137
6.51359,-1.4616
6.51573,-1.45184
6.51786,-1.44206
6.51997,-1.43229
6.52208,-1.42252
6.52418,-1.41274
6.52627,-1.40296
6.52835,-1.39318
6.53042,-1.38339
6.53248,-1.37361
6.53454,-1.36382
6.53658,-1.35403
6.53862,-1.34424
6.54065,-1.33445
6.54267,-1.32466
6.54468,-1.31486
6.54669,-1.30507
6.54869,-1.29527
6.55068,-1.28547
6.55267,-1.27567
6.55465,-1.26587
6.55662,-1.25606
6.55859,-1.24626
6.56055,-1.23645
6.56251,-1.22665
6.56446,-1.21684
6.56641,-1.20703
6.56835,-1.19722
6.57028,-1.18741
6.57221,-1.1776
6.57414,-1.16778
6.57606,-1.15797
6.57798,-1.14816
6.57989,-1.13834
6.5818,-1.12852
6.5837,-1.11871
6.5856,-1.10889
6.5875,-1.09907
6.58939,-1.08925
6.59128,-1.07943
6.59317,-1.06961
6.59506,-1.05979
6.59694,-1.04997
6.59882,-1.04015
6.60069,-1.03033
6.60257,-1.0205
6.60444,-1.01068
6.60631,-1.00086
6.60817,-0.991031
6.61004,-0.981207
6.6119,-0.971382
6.61376,-0.961556
6.61562,-0.95173
6.61748,-0.941904
6.61933,-0.932078
6.62119,-0.922252
6.62304,-0.912425
6.62489,-0.902598
6.62674,-0.892771
6.62859,-0.882943
6.63044,-0.873116
6.63229,-0.863288
6.63414,-0.85346
6.63598,-0.843632
6.63783,-0.833804
6.63968,-0.823976
6.64152,-0.814147
6.64337,-0.804319
6.64521,-0.794491
6.64706,-0.784662
6.6489,-0.774834
6.65074,-0.765006
6.65259,-0.755177
6.65443,-0.745349
6.65628,-0.735521
6.65813,-0.725693
6.65997,-0.715864
6.66181,-0.706035
6.66365,-0.696205
6.66548,-0.686375
6.66731,-0.676544
6.66914,-0.666712
6.67097,-0.656881
6.67279,-0.647049
6.67461,-0.637216
6.67643,-0.627383
6.67825,-0.617549
6.68007,-0.607716
6.68188,-0.597882
6.68369,-0.588047
6.6855,-0.578213
6.68731,-0.568378
6.68912,-0.558542
6.69093,-0.548707
6.69273,-0.538871
6.69454,-0.529035
6.69634,-0.519199
6.69814,-0.509363
6.69994,-0.499526
6.70174,-0.48969
6.70354,-0.479853
6.70534,-0.470016
6.70714,-0.460179
6.70894,-0.450342
6.71074,-0.440505
6.71254,-0.430668
6.71433,-0.420831
6.71613,-0.410994
6.71793,-0.401157
6.71973,-0.39132
6.72152,-0.381482
6.72332,-0.371645
6.72512,-0.361808
6.72692,-0.351971
6.72871,-0.342134
6.73051,-0.332297
6.73231,-0.32246
6.73411,-0.312624
6.73591,-0.302787
6.73771,-0.29295
6.73951,-0.283114
6.74131,-0.273278
6.74312,-0.263442
6.74492,-0.253606
6.74673,-0.24377
6.74853,-0.233934
6.75034,-0.224099
6.75215,-0.214264
6.75396,-0.204429
6.75577,-0.194594
6.75758,-0.184759
6.75939,-0.174925
6.7612,-0.165091
6.76302,-0.155257
6.76484,-0.145423
6.76665,-0.13559
6.76847,-0.125757
6.77029,-0.115924
6.77212,-0.106092
6.77394,-0.0962595
6.77577,-0.0864276
6.7776,-0.076596
6.77942,-0.0667648
6.78126,-0.0569338
6.78309,-0.0471032
6.78492,-0.037273
6.78676,-0.0274431
6.7886,-0.0176135
6.79044,-0.00778431
6.79228,0.00204453
6.79413,0.011873
6.79597,0.0217011
6.79782,0.0315288
6.79967,0.0413561
6.80152,0.051183
6.80338,0.0610096
6.80523,0.0708357
6.80709,0.0806614
6.80895,0.0904867
6.81082,0.100312
6.81268,0.110136
6.81455,0.11996
6.81642,0.129784
6.81829,0.139607
6.82017,0.149429
6.82205,0.159252
6.82392,0.169073
6.82581,0.178895
6.82769,0.188715
6.82958,0.198536
6.83147,0.208356
6.83336,0.218175
6.83525,0.227994
6.83715,0.237813
6.83905,0.247631
6.84095,0.257448
6.84286,0.267265
6.84476,0.277081
6.84667,0.286897
6.84859,0.296713
6.8505,0.306528
6.85242,0.316342
6.85434,0.326156
6.85626,0.33597
6.85819,0.345782
6.86012,0.355593
6.86206,0.365403
6.86401,0.375212
6.86596,0.38502
6.86792,0.394827
6.86988,0.404632
6.87184,0.414437
6.87382,0.42424
6.8758,0.434043
6.87778,0.443844
6.87977,0.453644
6.88176,0.463443
6.88376,0.473241
6.88577,0.483038
6.88778,0.492834
6.8898,0.502628
6.89182,0.512422
6.89384,0.522214
6.89588,0.532006
6.89791,0.541796
6.89995,0.551586
6.902,0.561374
6.90405,0.571161
6.90611,0.580948
6.90817,0.590733
6.91024,0.600517
6.91231,0.6103
6.91438,0.620082
6.91647,0.629863
6.91855,0.639643
6.92064,0.649422
6.92274,0.6592
6.92484,0.668977
6.92694,0.678753
6.92905,0.688528
6.93117,0.698302
6.93328,0.708075
6.93541,0.717847
6.93754,0.727618
6.93967,0.737388
6.94181,0.747157
6.94395,0.756925
6.94609,0.766692
6.94824,0.776458
6.9504,0.786223
6.95256,0.795987
6.95472,0.80575
6.95689,0.815513
6.95906,0.825274
6.96124,0.835034
6.96342,0.844793
6.9656,0.854552
6.96779,0.864309
6.96999,0.874066
6.97218,0.883821
6.97439,0.893576
6.97659,0.903329
6.9788,0.913082
6.98102,0.922834
6.98323,0.932585
6.98546,0.942335
6.98768,0.952084
6.98991,0.961832
6.99215,0.971579
6.99439,0.981325
6.99663,0.99107
6.99888,1.00081
7.00113,1.01056
7.00338,1.0203
7.00564,1.03004
7.0079,1.03978
7.01017,1.04952
7.01244,1.05926
7.01471,1.069
7.01699,1.07874
7.01927,1.08847
7.02155,1.09821
7.02384,1.10794
7.02613,1.11768
7.02843,1.12741
7.03073,1.13714
7.03303,1.14687
7.03534,1.1566
7.03765,1.16633
7.03996,1.17606
7.04228,1.18579
7.0446,1.19552
7.04693,1.20524
7.04925,1.21497
7.05159,1.22469
7.05392,1.23442
7.05626,1.24414
7.0586,1.25386
7.06095,1.26358
7.0633,1.2733
7.06565,1.28302
7.06801,1.29274
7.07037,1.30246
7.07273,1.31217
7.0751,1.32189
7.07746,1.33161
7.07986,1.34131
7.08227,1.35102
7.08469,1.36072
7.08712,1.37042
7.08957,1.38012
7.09204,1.38981
7.09451,1.3995
7.097,1.40918
7.09951,1.41886
7.10202,1.42854
7.10455,1.43822
7.1071,1.44789
7.10965,1.45756
7.11222,1.46722
7.1148,1.47688
7.11739,1.48654
7.11999,1.4962
7.1226,1.50585
7.12523,1.5155
7.12787,1.52514
7.13052,1.53479
7.13317,1.54443
7.13584,1.55406
7.13853,1.5637
7.14122,1.57333
7.14392,1.58296
7.14663,1.59258
7.14935,1.6022
7.15209,1.61182
7.15483,1.62144
7.15758,1.63105
7.16034,1.64066
7.16311,1.65027
7.1659,1.65988
7.16869,1.66948
7.17149,1.67908
7.17429,1.68868
7.17711,1.69827
7.17994,1.70787
7.18277,1.71746
7.18562,1.72704
7.18847,1.73663
7.19133,1.74621
7.1942,1.75579
7.19707,1.76537
7.19996,1.77494
7.20285,1.78452
7.20575,1.79409
7.20866,1.80365
7.21157,1.81322
7.2145,1.82278
7.21743,1.83234
7.22037,1.8419
7.22331,1.85146
7.22627,1.86101
7.22923,1.87056
7.23219,1.88011
7.23517,1.88966
7.23815,1.89921
7.24114,1.90875
7.24413,1.91829
7.24713,1.92783
7.25014,1.93737
7.25315,1.9469
7.25617,1.95643
7.2592,1.96597
7.26223,1.97549
7.26527,1.98502
7.26831,1.99455
7.27137,2.00407
7.27442,2.01359
7.27748,2.02311
7.28055,2.03263
7.28363,2.04214
7.28671,2.05166
7.28979,2.06117
7.29288,2.07068
7.29598,2.08019
7.29908,2.0897
7.30219,2.0992
7.3053,2.1087
7.30842,2.11821
7.31154,2.12771
7.31467,2.1372
7.3178,2.1467
7.32101,2.15617
7.32424,2.16564
7.3275,2.17509
7.3308,2.18453
7.33412,2.19396
7.33748,2.20338
7.34086,2.21279
7.34428,2.22219
7.34772,2.23158
7.35119,2.24096
7.35468,2.25033
7.3582,2.25969
7.36175,2.26904
7.36533,2.27838
7.36893,2.2877
7.37255,2.29702
7.37621,2.30633
7.37988,2.31563
7.38358,2.32493
7.3873,2.33421
7.39105,2.34348
7.39481,2.35274
7.39861,2.362
7.40242,2.37124
7.40625,2.38048
7.41011,2.3897
7.41398,2.39892
7.41788,2.40813
7.4218,2.41733
7.42574,2.42652
7.42969,2.43571
7.43367,2.44488
7.43767,2.45405
7.44168,2.46321
7.44571,2.47236
7.44977,2.4815
7.45383,2.49064
7.45792,2.49976
7.46202,2.50888
7.46614,2.51799
7.47028,2.5271
7.47444,2.53619
7.47861,2.54528
7.48279,2.55436
7.48699,2.56344
7.49121,2.57251
7.49544,2.58157
7.49969,2.59062
7.50395,2.59967
7.50823,2.60871
7.51252,2.61774
7.51682,2.62677
7.52114,2.63578
7.52547,2.6448
7.52982,2.6538
7.53418,2.6628
7.53855,2.6718
7.54293,2.68079
7.54733,2.68977
7.55174,2.69874
7.55616,2.70771
7.56077,2.71659
7.56546,2.72542
7.57023,2.73421
7.57507,2.74296
7.57998,2.75167
7.58496,2.76034
7.59001,2.76897
7.59513,2.77756
7.60031,2.78611
7.60557,2.79462
7.61088,2.80309
7.61626,2.81152
7.6217,2.81992
7.6272,2.82827
7.63276,2.83658
7.63838,2.84485
7.64405,2.85308
7.64979,2.86128
7.65557,2.86944
7.66141,2.87755
7.6673,2.88563
7.67325,2.89367
7.67924,2.90168
7.68529,2.90964
7.69138,2.91757
7.69752,2.92547
7.70371,2.93332
7.70994,2.94114
7.71622,2.94893
7.72254,2.95667
7.72891,2.96439
7.73531,2.97206
7.74176,2.97971
7.74825,2.98731
7.75478,2.99489
7.76135,3.00243
7.76795,3.00994
7.7746,3.01741
7.78128,3.02485
7.78785,3.03239
7.79456,3.03981
7.8014,3.0471
7.80836,3.05428
7.81545,3.06133
7.82266,3.06826
7.82999,3.07507
7.83743,3.08175
7.84498,3.0883
7.85265,3.09472
7.86042,3.10102
7.86829,3.10718
7.87627,3.11321
7.88434,3.11912
7.89251,3.12489
7.90077,3.13052
7.90911,3.13603
7.91755,3.1414
7.92607,3.14664
7.93466,3.15175
7.94334,3.15673
7.95209,3.16157
7.96091,3.16628
7.9698,3.17086
7.97875,3.17531
7.98777,3.17963
7.99685,3.18381
8.00599,3.18787
8.01519,3.1918
8.02444,3.1956
8.03374,3.19927
8.04309,3.20282
8.05249,3.20624
8.06193,3.20954
8.07141,3.21271
8.08093,3.21576
8.0905,3.21869
8.10009,3.2215
8.10972,3.22419
8.11939,3.22676
8.12908,3.22921
8.13881,3.23155
8.14855,3.23378
8.15833,3.23589
8.16813,3.23789
8.17795,3.23978
8.18779,3.24156
8.19765,3.24323
8.20752,3.2448
8.21741,3.24626
8.22732,3.24762
8.23724,3.24888
8.24718,3.25004
8.25712,3.25109
8.26707,3.25205
8.27686,3.2541
8.28669,3.25597
8.29654,3.25765
8.30643,3.25915
8.31634,3.26046
8.32628,3.26159
8.33623,3.26255
8.3462,3.26332
8.35619,3.26391
8.36618,3.26433
8.37617,3.26457
8.38617,3.26463
8.39617,3.26452
8.40617,3.26424
8.41616,3.2638
8.42614,3.26318
8.43611,3.2624
8.44607,3.26145
8.456,3.26034
8.46592,3.25907
8.47582,3.25765
8.48569,3.25606
8.49554,3.25433
8.50536,3.25244
8.51515,3.2504
8.52491,3.24822
8.53464,3.24589
8.54433,3.24342
8.55398,3.24081
8.5636,3.23806
8.57317,3.23518
8.58271,3.23217
8.5922,3.22902
8.60165,3.22575
8.61105,3.22235
8.62041,3.21882
8.62972,3.21518
8.63899,3.21142
8.6482,3.20754
8.65737,3.20354
8.66649,3.19944
8.67556,3.19522
8.68458,3.1909
8.69354,3.18647
8.70246,3.18194
8.71132,3.17731
8.72013,3.17258
8.72889,3.16775
8.73759,3.16283
8.74624,3.15781
8.75484,3.15271
8.76339,3.14752
8.77188,3.14224
8.78032,3.13687
8.78871,3.13142
8.79704,3.1259
8.80532,3.12029
8.81355,3.1146
8.82172,3.10884
8.82984,3.10301
8.83791,3.0971
8.84593,3.09113
8.8539,3.08508
8.86181,3.07897
8.86967,3.07279
8.87748,3.06655
8.88525,3.06024
8.89296,3.05387
8.90062,3.04745
8.90823,3.04096
8.9158,3.03442
8.92331,3.02782
8.93078,3.02117
8.9382,3.01447
8.94557,3.00771
8.95289,3.0009
8.96017,2.99405
8.96741,2.98714
8.9746,2.98019
8.98174,2.97319
8.98884,2.96615
8.9959,2.95907
9.00291,2.95194
9.00988,2.94477
9.01681,2.93755
9.02369,2.9303
9.03054,2.92301
9.03734,2.91569
9.04411,2.90832
9.05083,2.90092
9.05752,2.89348
9.06417,2.88601
9.071,2.87871
9.07776,2.87134
9.08445,2.86391
9.09107,2.85642
9.09763,2.84887
9.10412,2.84126
9.11054,2.8336
9.1169,2.82588
9.12319,2.81811
9.12942,2.81028
9.13559,2.80241
9.14169,2.79449
9.14773,2.78652
9.15371,2.7785
9.15962,2.77044
9.16548,2.76233
9.17128,2.75418
9.17702,2.746
9.1827,2.73777
9.18832,2.7295
9.19389,2.72119
9.1994,2.71285
9.20486,2.70447
9.21026,2.69605
9.21561,2.6876
9.2209,2.67912
9.22615,2.6706
9.23134,2.66206
9.23648,2.65348
9.24158,2.64488
9.24662,2.63624
9.25162,2.62758
9.25656,2.61889
9.26146,2.61017
9.26632,2.60143
9.27113,2.59266
9.27589,2.58387
9.28062,2.57505
9.28529,2.56622
9.28993,2.55736
9.29452,2.54847
9.29907,2.53957
9.30359,2.53064
9.30806,2.5217
9.31249,2.51274
9.31688,2.50375
9.32124,2.49475
9.32556,2.48573
9.32984,2.4767
9.33409,2.46764
9.3383,2.45857
9.34247,2.44949
9.34661,2.44038
9.35072,2.43127
9.3548,2.42213
9.35884,2.41299
9.36285,2.40383
9.36683,2.39465
9.37078,2.38547
9.3747,2.37627
9.37859,2.36705
9.38245,2.35783
9.38628,2.34859
9.39008,2.33934
9.39386,2.33008
9.39761,2.32081
9.40133,2.31153
9.40503,2.30224
9.4087,2.29294
9.41235,2.28363
9.41597,2.27431
9.41957,2.26498
9.42314,2.25564
9.42669,2.24629
9.43022,2.23693
9.43373,2.22757
9.43721,2.21819
9.44067,2.20881
9.44412,2.19942
9.44754,2.19003
9.45094,2.18062
9.45432,2.17121
9.45769,2.16179
9.46103,2.15237
9.46436,2.14294
9.46766,2.1335
9.47095,2.12406
9.47423,2.11461
9.47748,2.10516
9.48072,2.09569
9.48394,2.08623
9.48715,2.07676
9.49034,2.06728
9.49352,2.0578
9.49668,2.04831
9.49983,2.03882
9.503,2.02933
9.50615,2.01984
9.50926,2.01034
9.51235,2.00083
9.5154,1.99131
9.51843,1.98178
9.52143,1.97224
9.52441,1.96269
9.52736,1.95313
9.53028,1.94357
9.53318,1.934
9.53605,1.92442
9.5389,1.91484
9.54173,1.90524
9.54453,1.89564
9.54731,1.88604
9.55006,1.87643
9.5528,1.86681
9.55551,1.85718
9.5582,1.84755
9.56087,1.83791
9.56352,1.82827
9.56616,1.81862
9.56877,1.80897
9.57136,1.79931
9.57393,1.78965
9.57649,1.77998
9.57903,1.77031
9.58155,1.76063
9.58405,1.75095
9.58654,1.74126
9.589,1.73157
9.59146,1.72188
9.5939,1.71218
9.59632,1.70248
9.59873,1.69277
9.60112,1.68306
9.6035,1.67335
9.60586,1.66363
9.60821,1.65391
9.61055,1.64419
9.61287,1.63447
9.61519,1.62474
9.61749,1.615
9.61977,1.60527
9.62205,1.59553
9.62431,1.58579
9.62656,1.57605
9.6288,1.5663
9.63103,1.55655
9.63325,1.5468
9.63546,1.53705
9.63766,1.52729
9.63985,1.51754
9.64203,1.50778
9.6442,1.49802
9.64636,1.48825
9.64851,1.47849
9.65065,1.46872
9.65279,1.45895
9.65492,1.44918
9.65704,1.43941
9.65915,1.42963
9.66125,1.41986
9.66335,1.41008
9.66544,1.4003
9.66752,1.39052
9.6696,1.38074
9.67167,1.37095
9.67373,1.36117
9.67579,1.35138
9.67784,1.34159
9.67988,1.3318
9.68192,1.32202
9.68396,1.31222
9.68599,1.30243
9.68801,1.29264
9.69003,1.28285
9.69205,1.27305
9.69406,1.26325
9.69606,1.25346
9.69806,1.24366
9.70006,1.23386
9.70205,1.22406
9.70404,1.21426
9.70603,1.20446
9.70801,1.19466
9.70999,1.18486
9.71197,1.17506
9.71394,1.16525
9.71591,1.15545
9.71788,1.14564
9.71984,1.13584
9.72181,1.12603
9.72377,1.11623
9.72572,1.10642
9.72768,1.09661
9.72963,1.08681
9.73158,1.077
9.73353,1.06719
9.73548,1.05738
9.73743,1.04757
9.73937,1.03776
9.74131,1.02795
9.74326,1.01814
9.7452,1.00833
9.74713,0.998524
9.74906,0.988712
9.75098,0.978898
9.7529,0.969084
9.75481,0.959268
9.75672,0.949451
9.75862,0.939633
9.76051,0.929814
9.7624,0.919994
9.76428,0.910173
9.76616,0.900351
9.76803,0.890528
9.7699,0.880704
9.77177,0.87088
9.77363,0.861054
9.77549,0.851228
9.77734,0.841401
9.77919,0.831573
9.78103,0.821745
9.78287,0.811916
9.78471,0.802086
9.78654,0.792256
9.78838,0.782425
9.7902,0.772594
9.79203,0.762762
9.79385,0.752929
9.79567,0.743096
9.79749,0.733263
9.7993,0.723429
9.80112,0.713594
9.80293,0.703759
9.80473,0.693924
9.80654,0.684089
9.80834,0.674253
9.81015,0.664416
9.81195,0.65458
9.81375,0.644743
9.81554,0.634906
9.81734,0.625069
9.81913,0.615231
9.82093,0.605393
9.82272,0.595555
9.82451,0.585717
9.8263,0.575879
9.82809,0.56604
9.82988,0.556202
9.83167,0.546363
9.83346,0.536524
9.83525,0.526685
9.83703,0.516846
9.83882,0.507007
9.84061,0.497168
9.84239,0.487329
9.84418,0.477489
9.84597,0.46765
9.84775,0.457811
9.84954,0.447972
9.85132,0.438133
9.85311,0.428294
9.8549,0.418455
9.85669,0.408616
9.85847,0.398777
9.86026,0.388938
9.86205,0.379099
9.86384,0.369261
9.86563,0.359422
9.86742,0.349584
9.86921,0.339746
9.87101,0.329908
9.8728,0.32007
9.87459,0.310232
9.87639,0.300395
9.87819,0.290558
9.87998,0.280721
9.88178,0.270884
9.88358,0.261047
9.88539,0.251211
9.88719,0.241375
9.88899,0.231539
9.8908,0.221703
9.8926,0.211868
9.89441,0.202032
9.89622,0.192198
9.89803,0.182363
9.89985,0.172529
9.90166,0.162695
9.90348,0.152861
9.9053,0.143028
9.90712,0.133195
9.90894,0.123362
9.91076,0.11353
9.91259,0.103698
9.91442,0.0938665
9.91625,0.0840353
9.91808,0.0742044
9.91991,0.0643739
9.92175,0.0545438
9.92358,0.044714
9.92542,0.0348847
9.92726,0.0250557
9.92911,0.0152272
9.93095,0.00539906
9.9328,-0.00442865
9.93465,-0.0142559
9.93651,-0.0240828
9.93836,-0.0339093
9.94022,-0.0437353
9.94208,-0.0535608
9.94394,-0.0633858
9.94581,-0.07321
9.94768,-0.0830336
9.94955,-0.0928565
9.95143,-0.102679
9.95331,-0.1125
9.95519,-0.122321
9.95708,-0.132141
9.95898,-0.14196
9.96087,-0.151779
9.96277,-0.161597
9.96467,-0.171414
9.96658,-0.181231
9.96849,-0.191046
9.97041,-0.200861
9.97232,-0.210676
9.97424,-0.22049
9.97617,-0.230302
9.9781,-0.240115
9.98003,-0.249926
9.98197,-0.259737
9.98391,-0.269547
9.98585,-0.279356
9.9878,-0.289165
9.98975,-0.298973
9.9917,-0.30878
9.99366,-0.318587
9.99562,-0.328392
9.99759,-0.338197
9.99956,-0.348001
10.0015,-0.357805
10.0035,-0.367608
10.0055,-0.37741
10.0075,-0.387211
10.0095,-0.397012
10.0114,-0.406812
10.0134,-0.416611
10.0154,-0.426409
10.0174,-0.436207
10.0194,-0.446004
10.0215,-0.4558
10.0235,-0.465596
10.0255,-0.47539
10.0275,-0.485184
10.0295,-0.494978
10.0315,-0.50477
10.0336,-0.514562
10.0356,-0.524353
10.0376,-0.534143
10.0397,-0.543933
10.0417,-0.553722
10.0438,-0.56351
10.0458,-0.573297
10.0479,-0.583084
10.0499,-0.59287
10.052,-0.602655
10.0541,-0.612439
10.0561,-0.622223
10.0582,-0.632006
10.0603,-0.641788
10.0624,-0.65157
10.0645,-0.66135
10.0665,-0.67113
10.0686,-0.680909
10.0707,-0.690688
10.0728,-0.700466
10.0749,-0.710243
10.077,-0.720019
10.0791,-0.729795
10.0812,-0.739569
10.0834,-0.749343
10.0855,-0.759117
10.0876,-0.768889
10.0897,-0.778661
10.0918,-0.788432
10.094,-0.798203
10.0961,-0.807972
10.0982,-0.817741
10.1004,-0.82751
10.1025,-0.837277
10.1047,-0.847044
10.1068,-0.85681
10.109,-0.866575
10.1111,-0.876339
10.1133,-0.886103
10.1155,-0.895866
10.1176,-0.905629
10.1198,-0.91539
10.122,-0.925151
10.1241,-0.934911
10.1263,-0.944671
10.1285,-0.954429
10.1307,-0.964187
10.1329,-0.973944
10.1351,-0.983701
10.1373,-0.993457
10.1395,-1.00321
10.1417,-1.01297
10.1439,-1.02272
10.1461,-1.03247
10.1483,-1.04222
10.1505,-1.05198
10.1527,-1.06173
10.155,-1.07148
10.1572,-1.08123
10.1594,-1.09097
10.1617,-1.10071
10.164,-1.11045
10.1662,-1.12019
10.1685,-1.12992
10.1708,-1.13966
10.1731,-1.14938
10.1755,-1.15911
10.1778,-1.16883
10.1801,-1.17856
10.1825,-1.18827
10.1849,-1.19799
10.1872,-1.2077
10.1896,-1.21742
10.192,-1.22712
10.1944,-1.23683
10.1968,-1.24653
10.1993,-1.25624
10.2017,-1.26594
10.2041,-1.27563
10.2066,-1.28533
10.2091,-1.29502
10.2115,-1.30471
10.214,-1.3144
10.2165,-1.32408
10.219,-1.33377
10.2215,-1.34345
10.224,-1.35313
10.2265,-1.3628
10.2291,-1.37248
10.2316,-1.38215
10.2342,-1.39182
10.2367,-1.40149
10.2393,-1.41115
10.2418,-1.42082
10.2444,-1.43048
10.247,-1.44014
10.2496,-1.4498
10.2522,-1.45945
10.2548,-1.4691
10.2574,-1.47876
10.2601,-1.48841
10.2627,-1.49805
10.2653,-1.5077
10.268,-1.51734
10.2706,-1.52699
10.2733,-1.53663
10.2759,-1.54627
10.2786,-1.5559
10.2813,-1.56554
10.284,-1.57517
10.2867,-1.5848
10.2894,-1.59443
10.2921,-1.60406
10.2948,-1.61368
10.2975,-1.62331
10.3002,-1.63293
10.3029,-1.64255
10.3057,-1.65217
10.3084,-1.66179
10.3112,-1.6714
10.3139,-1.68102
10.3167,-1.69063
10.3194,-1.70024
10.3222,-1.70985
10.325,-1.71946
10.3278,-1.72906
10.3305,-1.73867
10.3333,-1.74827
10.3361,-1.75787
10.3389,-1.76747
10.3417,-1.77707
10.3445,-1.78667
10.3474,-1.79626
10.3502,-1.80586
10.353,-1.81545
10.3558,-1.82504
10.3587,-1.83463
10.3615,-1.84422
10.3644,-1.8538
10.3672,-1.86339
10.3701,-1.87297
10.3729,-1.88255
10.3758,-1.89214
10.3787,-1.90171
10.3815,-1.91129
10.3844,-1.92087
10.3873,-1.93045
10.3902,-1.94002
10.3931,-1.94959
10.396,-1.95915
10.399,-1.9687
10.402,-1.97824
10.405,-1.98778
10.408,-1.99731
10.4111,-2.00683
10.4142,-2.01634
10.4173,-2.02584
10.4204,-2.03534
10.4236,-2.04483
10.4267,-2.05431
10.4299,-2.06379
10.4332,-2.07325
10.4364,-2.08271
10.4397,-2.09217
10.4429,-2.10161
10.4462,-2.11105
10.4496,-2.12048
10.4529,-2.12991
10.4563,-2.13933
10.4596,-2.14874
10.463,-2.15814
10.4665,-2.16754
10.4699,-2.17693
10.4733,-2.18632
10.4768,-2.1957
10.4803,-2.20507
10.4838,-2.21444
10.4873,-2.22379
10.4909,-2.23315
10.4944,-2.2425
10.498,-2.25184
10.5016,-2.26117
10.5052,-2.2705
10.5088,-2.27983
10.5124,-2.28914
10.5161,-2.29845
10.5197,-2.30776
10.5234,-2.31706
10.5271,-2.32636
10.5308,-2.33565
10.5345,-2.34493
10.5382,-2.35421
10.542,-2.36348
10.5457,-2.37275
10.5495,-2.38201
10.5533,-2.39127
10.5571,-2.40052
10.5609,-2.40977
10.5647,-2.41901
10.5685,-2.42825
10.5724,-2.43749
10.5762,-2.44671
10.5801,-2.45594
10.584,-2.46516
10.5878,-2.47437
10.5917,-2.48358
10.5956,-2.49278
10.5996,-2.50198
10.6035,-2.51118
10.6074,-2.52037
10.6114,-2.52956
10.6153,-2.53874
10.6193,-2.54792
10.6233,-2.5571
10.6273,-2.56627
10.6313,-2.57543
10.6353,-2.5846
10.6394,-2.59369
10.6436,-2.60276
10.6479,-2.6118
10.6522,-2.62082
10.6566,-2.6298
10.6611,-2.63876
10.6656,-2.64769
10.6701,-2.65659
10.6747,-2.66547
10.6794,-2.67432
10.6841,-2.68314
10.6889,-2.69194
10.6937,-2.70071
10.6985,-2.70945
10.7034,-2.71816
10.7084,-2.72685
10.7134,-2.73552
10.7184,-2.74415
10.7235,-2.75277
10.7286,-2.76135
10.7338,-2.76991
10.739,-2.77845
10.7443,-2.78696
10.7495,-2.79544
10.7549,-2.8039
10.7602,-2.81234
10.7657,-2.82075
10.7711,-2.82914
10.7766,-2.8375
10.7821,-2.84584
10.7876,-2.85416
10.7932,-2.86245
10.7989,-2.87073
10.8045,-2.87897
10.8102,-2.8872
10.8159,-2.8954
10.8217,-2.90358
10.8274,-2.91174
10.8333,-2.91988
10.8391,-2.928
10.845,-2.9361
10.8509,-2.94417
10.8568,-2.95223
10.8627,-2.96026
10.8689,-2.96816
10.8751,-2.97597
10.8815,-2.98368
10.888,-2.99129
10.8946,-2.9988
10.9013,-3.0062
10.9081,-3.01351
10.9151,-3.02071
10.9221,-3.02781
10.9293,-3.0348
10.9365,-3.04169
10.9439,-3.04848
10.9513,-3.05516
10.9588,-3.06173
10.9665,-3.0682
10.9742,-3.07457
10.982,-3.08083
10.9898,-3.08698
10.9978,-3.09303
11.0058,-3.09898
11.014,-3.10482
11.0222,-3.11055
11.0304,-3.11618
11.0388,-3.12171
11.0472,-3.12714
11.0556,-3.13246
11.0642,-3.13768
11.0727,-3.1428
11.0814,-3.14782
11.0901,-3.15273
11.0989,-3.15755
11.1077,-3.16227
11.1165,-3.16689
11.1255,-3.17142
11.1344,-3.17585
11.1434,-3.18018
11.1525,-3.18442
11.1616,-3.18856
11.1707,-3.19261
11.1799,-3.19657
11.1891,-3.20044
11.1984,-3.20422
11.2077,-3.20791
11.2165,-3.21268
11.2254,-3.21727
11.2343,-3.22169
11.2434,-3.22593
11.2525,-3.23
11.2617,-3.2339
11.271,-3.23762
11.2804,-3.24116
11.2898,-3.24452
11.2993,-3.24771
11.3088,-3.25072
11.3184,-3.25355
11.328,-3.25621
11.3377,-3.25869
11.3475,-3.26099
11.3572,-3.26311
11.367,-3.26506
11.3769,-3.26683
11.3868,-3.26843
11.3967,-3.26986
11.4066,-3.27111
11.4165,-3.2722
11.4265,-3.27311
11.4364,-3.27385
11.4464,-3.27443
11.4564,-3.27484
11.4664,-3.27509
11.4764,-3.27518
11.4864,-3.2751
11.4964,-3.27487
11.5064,-3.27447
11.5164,-3.27393
11.5264,-3.27323
11.5363,-3.27238
11.5463,-3.27137
11.5562,-3.27023
11.5661,-3.26893
11.576,-3.26749
11.5859,-3.26592
11.5958,-3.2642
11.6056,-3.26235
11.6154,-3.26036
11.6252,-3.25824
11.6349,-3.25598
11.6446,-3.25361
11.6543,-3.2511
11.6639,-3.24847
11.6735,-3.24572
11.6831,-3.24285
11.6927,-3.23986
11.7022,-3.23676
11.7116,-3.23354
11.7211,-3.23022
11.7305,-3.22678
11.7398,-3.22324
11.7491,-3.21959
11.7584,-3.21584
11.7676,-3.21199
11.7768,-3.20805
11.786,-3.204
11.7951,-3.19986
11.8041,-3.19563
11.8131,-3.19131
11.8221,-3.1869
11.8311,-3.1824
11.8399,-3.17781
11.8488,-3.17315
11.8576,-3.1684
11.8663,-3.16357
11.8751,-3.15866
11.8837,-3.15368
11.8923,-3.14862
11.9009,-3.14348
11.9095,-3.13828
11.918,-3.13301
11.9264,-3.12766
11.9348,-3.12225
11.9432,-3.11678
11.9515,-3.11124
11.9598,-3.10563
11.968,-3.09997
11.9762,-3.09425
11.9844,-3.08846
11.9925,-3.08262
12.0006,-3.07673
12.0086,-3.07077
12.0166,-3.06477
12.0246,-3.05871
12.0328,-3.053
12.0409,-3.04719
12.049,-3.04128
12.057,-3.03528
12.0649,-3.02919
12.0728,-3.023
12.0806,-3.01673
12.0883,-3.01037
12.0959,-3.00393
12.1035,-2.9974
12.111,-2.9908
12.1185,-2.98412
12.1258,-2.97736
12.1331,-2.97053
12.1404,-2.96362
12.1475,-2.95665
12.1546,-2.94961
12.1617,-2.9425
12.1686,-2.93533
12.1756,-2.92809
12.1824,-2.9208
12.1892,-2.91344
12.1959,-2.90602
12.2025,-2.89855
12.2091,-2.89102
12.2156,-2.88344
12.2221,-2.87581
12.2285,-2.86812
12.2348,-2.86039
12.2411,-2.8526
12.2473,-2.84477
12.2535,-2.8369
12.2596,-2.82897
12.2656,-2.82101
12.2716,-2.813
12.2775,-2.80496
12.2834,-2.79687
12.2893,-2.78874
12.295,-2.78058
12.3008,-2.77237
12.3064,-2.76414
12.312,-2.75586
12.3176,-2.74756
12.3231,-2.73922
12.3286,-2.73084
12.334,-2.72244
12.3394,-2.71401
12.3447,-2.70554
12.35,-2.69705
12.3552,-2.68853
12.3604,-2.67998
12.3656,-2.6714
12.3707,-2.6628
12.3757,-2.65418
12.3807,-2.64553
12.3857,-2.63685
12.3906,-2.62815
12.3955,-2.61943
12.4004,-2.61069
12.4052,-2.60192
12.41,-2.59314
12.4147,-2.58433
12.4194,-2.57551
12.4241,-2.56666
12.4287,-2.5578
12.4333,-2.54892
12.4379,-2.54002
12.4424,-2.5311
12.4469,-2.52217
12.4513,-2.51322
12.4558,-2.50425
12.4602,-2.49527
12.4645,-2.48627
12.4689,-2.47726
12.4732,-2.46823
12.4774,-2.45919
12.4817,-2.45014
12.4859,-2.44107
12.4901,-2.43199
12.4943,-2.4229
12.4984,-2.41379
12.5025,-2.40467
12.5066,-2.39555
12.5106,-2.38641
12.5147,-2.37726
12.5187,-2.36809
12.5227,-2.35892
12.5266,-2.34974
12.5306,-2.34055
12.5345,-2.33135
12.5384,-2.32213
12.5422,-2.31291
12.5461,-2.30368
12.5499,-2.29445
12.5537,-2.2852
12.5576,-2.27597
12.5614,-2.26673
12.5652,-2.25746
12.5689,-2.24819
12.5726,-2.23889
12.5763,-2.22959
12.5799,-2.22027
12.5835,-2.21093
12.587,-2.20158
12.5905,-2.19222
12.594,-2.18285
12.5975,-2.17346
12.6009,-2.16406
12.6043,-2.15465
12.6076,-2.14523
12.6109,-2.1358
12.6142,-2.12636
12.6175,-2.1169
12.6207,-2.10744
12.6239,-2.09797
12.6271,-2.08848
12.6302,-2.07899
12.6334,-2.06949
12.6365,-2.05998
12.6395,-2.05046
12.6426,-2.04094
12.6456,-2.0314
12.6486,-2.02186
12.6515,-2.01231
12.6545,-2.00275
12.6574,-1.99319
12.6603,-1.98362
12.6632,-1.97404
12.666,-1.96445
12.6689,-1.95486
12.6717,-1.94527
12.6745,-1.93566
12.6772,-1.92606
12.68,-1.91644
12.6827,-1.90682
12.6854,-1.8972
12.6881,-1.88756
12.6908,-1.87793
12.6934,-1.86829
12.6961,-1.85864
12.6987,-1.84899
12.7013,-1.83934
12.7039,-1.82968
12.7065,-1.82002
12.709,-1.81035
12.7116,-1.80068
12.7141,-1.791
12.7166,-1.78132
12.7191,-1.77164
12.7216,-1.76195
12.7241,-1.75226
12.7265,-1.74257
12.729,-1.73287
12.7314,-1.72317
12.7338,-1.71347
12.7362,-1.70377
12.7386,-1.69406
12.741,-1.68435
12.7434,-1.67463
12.7457,-1.66491
12.7481,-1.65519
12.7504,-1.64547
12.7528,-1.63575
12.7551,-1.62602
12.7574,-1.61629
12.7597,-1.60656
12.762,-1.59683
12.7643,-1.58709
12.7665,-1.57735
12.7688,-1.56761
12.7711,-1.55787
12.7733,-1.54813
12.7756,-1.53838
12.7778,-1.52863
12.78,-1.51888
12.7822,-1.50913
12.7844,-1.49938
12.7867,-1.48963
12.7889,-1.47987
12.791,-1.47011
12.7932,-1.46036
12.7954,-1.4506
12.7976,-1.44084
12.7998,-1.43107
12.8019,-1.42131
12.8041,-1.41155
12.8062,-1.40178
12.8084,-1.39201
12.8105,-1.38225
12.8127,-1.37248
12.8148,-1.36271
12.8169,-1.35294
12.819,-1.34317
12.8212,-1.33339
12.8233,-1.32362
12.8254,-1.31385
12.8275,-1.30407
12.8296,-1.2943
12.8317,-1.28452
12.8338,-1.27474
12.8359,-1.26496
12.838,-1.25518
12.84,-1.24539
12.8421,-1.23561
12.8441,-1.22582
12.8462,-1.21603
12.8482,-1.20623
12.8502,-1.19644
12.8522,-1.18664
12.8542,-1.17684
12.8562,-1.16704
12.8582,-1.15724
12.8601,-1.14744
12.8621,-1.13763
12.8641,-1.12783
12.866,-1.11802
12.868,-1.10821
12.8699,-1.0984
12.8718,-1.08859
12.8738,-1.07878
12.8757,-1.06896
12.8776,-1.05915
12.8795,-1.04933
12.8814,-1.03951
12.8833,-1.02969
12.8852,-1.01987
12.8871,-1.01005
12.889,-1.00023
12.8908,-0.990409
12.8927,-0.980585
12.8946,-0.970761
12.8964,-0.960936
12.8983,-0.95111
12.9001,-0.941283
12.902,-0.931456
12.9038,-0.921628
12.9057,-0.911799
12.9075,-0.901969
12.9094,-0.892139
12.9112,-0.882308
12.913,-0.872477
12.9148,-0.862645
12.9167,-0.852813
12.9185,-0.84298
12.9203,-0.833147
12.9221,-0.823313
12.9239,-0.813478
12.9257,-0.803644
12.9275,-0.793809
12.9294,-0.783973
12.9312,-0.774138
12.933,-0.764301
12.9348,-0.754465
12.9366,-0.744628
12.9384,-0.734791
12.9402,-0.724954
12.942,-0.715117
12.9438,-0.705279
12.9455,-0.695441
12.9473,-0.685603
12.9491,-0.675765
12.9509,-0.665926
12.9527,-0.656088
12.9545,-0.646249
12.9563,-0.63641
12.9581,-0.626572
12.9599,-0.616733
12.9616,-0.606894
12.9634,-0.597055
12.9652,-0.587216
12.967,-0.577377
12.9688,-0.567538
12.9706,-0.557699
12.9724,-0.54786
12.9742,-0.538021
12.9759,-0.528182
12.9777,-0.518343
12.9795,-0.508504
12.9813,-0.498665
12.9831,-0.488827
12.9849,-0.478988
12.9867,-0.46915
12.9885,-0.459312
12.9903,-0.449474
12.9921,-0.439636
12.9939,-0.429798
12.9956,-0.41996
12.9974,-0.410123
12.9992,-0.400286
13.001,-0.390449
13.0028,-0.380612
13.0046,-0.370775
13.0064,-0.360939
13.0082,-0.351103
13.01,-0.341267
13.0119,-0.331432
13.0137,-0.321596
13.0155,-0.311761
13.0173,-0.301927
13.0191,-0.292092
13.0209,-0.282258
13.0227,-0.272424
13.0245,-0.262591
13.0264,-0.252757
13.0282,-0.242924
13.03,-0.233092
13.0318,-0.22326
13.0337,-0.213428
13.0355,-0.203596
13.0373,-0.193765
13.0391,-0.183934
13.041,-0.174103
13.0428,-0.164272
13.0446,-0.154442
13.0465,-0.144612
13.0483,-0.134783
13.0502,-0.124953
13.052,-0.115125
13.0538,-0.105296
13.0557,-0.0954679
13.0575,-0.0856401
13.0594,-0.0758126
13.0612,-0.0659856
13.0631,-0.0561589
13.0649,-0.0463327
13.0668,-0.0365068
13.0687,-0.0266813
13.0705,-0.0168562
13.0724,-0.00703158
13.0743,0.00279266
13.0761,0.0126165
13.078,0.0224399
13.0799,0.0322628
13.0817,0.0420853
13.0836,0.0519074
13.0855,0.061729
13.0874,0.0715502
13.0893,0.0813709
13.0912,0.0911912
13.093,0.101011
13.0949,0.11083
13.0968,0.120649
13.0987,0.130467
13.1006,0.140285
13.1025,0.150103
13.1044,0.15992
13.1063,0.169736
13.1083,0.179552
13.1102,0.189367
13.1121,0.199182
13.114,0.208996
13.1159,0.21881
13.1178,0.228623
13.1198,0.238436
13.1217,0.248248
13.1236,0.25806
13.1256,0.267871
13.1275,0.277682
13.1294,0.287492
13.1314,0.297301
13.1333,0.30711
13.1353,0.316919
13.1372,0.326727
13.1392,0.336534
13.1411,0.346341
13.1431,0.356147
13.1451,0.365953
13.147,0.375758
13.149,0.385562
13.151,0.395366
13.1529,0.405169
13.1549,0.414972
13.1569,0.424774
13.1589,0.434576
13.1609,0.444377
13.1628,0.454177
13.1648,0.463977
13.1668,0.473776
13.1688,0.483575
13.1708,0.493373
13.1728,0.50317
13.1748,0.512967
13.1768,0.522763
13.1789,0.532559
13.1809,0.542354
13.1829,0.552148
13.1849,0.561942
13.1869,0.571735
13.189,0.581528
13.191,0.59132
13.193,0.601111
13.1951,0.610902
13.1971,0.620692
13.1991,0.630481
13.2012,0.64027
13.2032,0.650058
13.2053,0.659846
13.2073,0.669633
13.2094,0.679419
13.2114,0.689205
13.2135,0.69899
13.2156,0.708774
13.2176,0.718558
13.2197,0.728341
13.2218,0.738124
13.2239,0.747905
13.2259,0.757687
13.228,0.767467
13.2301,0.777247
13.2322,0.787027
13.2343,0.796805
13.2364,0.806583
13.2385,0.816361
13.2406,0.826135
13.2427,0.835908
13.2449,0.845679
13.247,0.855447
13.2491,0.865214
13.2513,0.874979
13.2535,0.884741
13.2556,0.894502
13.2578,0.904261
13.26,0.914018
13.2622,0.923773
13.2644,0.933526
13.2666,0.943277
13.2689,0.953027
13.2711,0.962774
13.2733,0.97252
13.2756,0.982264
13.2778,0.992006
13.2801,1.00175
13.2824,1.01148
13.2847,1.02122
13.2869,1.03096
13.2892,1.04069
13.2915,1.05042
13.2939,1.06015
13.2962,1.06988
13.2985,1.0796
13.3008,1.08933
13.3032,1.09905
13.3055,1.10877
13.3079,1.11849
13.3102,1.12821
13.3126,1.13793
13.315,1.14764
13.3173,1.15735
13.3197,1.16706
13.3221,1.17677
13.3245,1.18648
13.3269,1.19619
13.3293,1.20589
13.3317,1.2156
13.3342,1.2253
13.3366,1.235
13.339,1.2447
13.3415,1.2544
13.3439,1.26409
13.3464,1.27379
13.3488,1.28348
13.3513,1.29317
13.3538,1.30286
13.3562,1.31255
13.3587,1.32224
13.3612,1.33193
13.3637,1.34161
13.3662,1.35129
13.3687,1.36097
13.3712,1.37065
13.3737,1.38033
13.3762,1.39001
13.3788,1.39969
13.3813,1.40936
13.3838,1.41904
13.3864,1.42871
13.3889,1.43838
13.3915,1.44805
13.394,1.45772
13.3966,1.46739
13.3991,1.47705
13.4017,1.48672
13.4043,1.49638
13.4068,1.50604
13.4094,1.5157
13.412,1.52536
13.4146,1.53502
13.4172,1.54468
13.4198,1.55433
13.4224,1.56399
13.425,1.57364
13.4276,1.58329
13.4302,1.59294
13.4329,1.60259
13.4355,1.61224
13.4381,1.62189
13.4408,1.63154
13.4434,1.64118
13.446,1.65083
13.4487,1.66047
13.4513,1.67011
13.454,1.67975
13.4567,1.68939
13.4593,1.69903
13.462,1.70867
13.4647,1.71831
13.4673,1.72794
13.47,1.73758
13.4727,1.7472
13.4755,1.75682
13.4782,1.76643
13.481,1.77604
13.4838,1.78564
13.4866,1.79523
13.4895,1.80482
13.4923,1.8144
13.4952,1.82398
13.4981,1.83356
13.501,1.84312
13.5039,1.85268
13.5069,1.86224
13.5098,1.87179
13.5128,1.88134
13.5158,1.89088
13.5188,1.90041
13.5218,1.90994
13.5249,1.91947
13.528,1.92899
13.531,1.9385
13.5341,1.94801
13.5372,1.95752
13.5403,1.96702
13.5435,1.97652
13.5466,1.98601
13.5498,1.99549
13.553,2.00497
13.5562,2.01445
13.5594,2.02392
13.5626,2.03339
13.5658,2.04285
13.5691,2.05231
13.5723,2.06177
13.5756,2.07122
13.5789,2.08066
13.5822,2.0901
13.5855,2.09954
13.5888,2.10897
13.5921,2.1184
13.5955,2.12783
13.5988,2.13725
13.6022,2.14667
13.6056,2.15608
13.609,2.16549
13.6124,2.17489
13.6158,2.18429
13.6192,2.19369
13.6226,2.20309
13.6261,2.21248
13.6295,2.22186
13.633,2.23124
13.6364,2.24062
13.6399,2.25
13.6434,2.25937
13.6469,2.26874
13.6504,2.27811
13.6539,2.28747
13.6574,2.29683
13.661,2.30618
13.6645,2.31553
13.6681,2.32488
13.6716,2.33423
13.6752,2.34357
13.6788,2.35291
13.6823,2.36225
13.6859,2.37158
13.6895,2.38091
13.6931,2.39024
13.6967,2.39956
13.7004,2.40888
13.704,2.4182
13.7076,2.42752
13.7113,2.43683
13.7149,2.44614
13.7187,2.4554
13.7225,2.46463
13.7264,2.47385
13.7303,2.48305
13.7343,2.49223
13.7383,2.50139
13.7424,2.51054
13.7465,2.51966
13.7506,2.52877
13.7548,2.53785
13.759,2.54692
13.7632,2.55597
13.7675,2.565
13.7719,2.57402
13.7762,2.58301
13.7806,2.59199
13.7851,2.60095
13.7895,2.60989
13.7941,2.61882
13.7986,2.62772
13.8032,2.63661
13.8078,2.64549
13.8124,2.65434
13.8171,2.66318
13.8218,2.67201
13.8266,2.68081
13.8313,2.6896
13.8361,2.69838
13.8409,2.70714
13.8458,2.71588
13.8507,2.7246
13.8556,2.73332
13.8605,2.74201
13.8655,2.75069
13.8705,2.75936
13.8755,2.76801
13.8805,2.77664
13.8856,2.78527
13.8907,2.79387
13.8958,2.80247
13.901,2.81104
13.9061,2.81961
13.9113,2.82816
13.9165,2.8367
13.9217,2.84522
13.927,2.85373
13.9323,2.86223
13.9376,2.87072
13.9429,2.87919
13.9484,2.88751
13.9541,2.89576
13.9598,2.90394
13.9657,2.91204
13.9716,2.92006
13.9777,2.92801
13.9839,2.93589
13.9901,2.94368
13.9965,2.9514
14.0029,2.95905
14.0095,2.96661
14.0161,2.9741
14.0228,2.98152
14.0296,2.98885
14.0365,2.99611
14.0435,3.00329
14.0505,3.0104
14.0576,3.01743
14.0648,3.02438
14.0721,3.03125
14.0794,3.03805
14.0868,3.04478
14.0943,3.05143
14.1018,3.058
14.1094,3.0645
14.117,3.07093
14.1248,3.07728
14.1326,3.08356
14.1404,3.08977
14.1483,3.09591
14.1562,3.10197
14.1642,3.10796
14.1723,3.11389
14.1804,3.11974
14.1886,3.12553
14.1968,3.13124
14.205,3.13689
14.2133,3.14247
14.2211,3.14877
14.229,3.15491
14.237,3.1609
14.2451,3.16674
14.2533,3.17242
14.2617,3.17795
14.2701,3.18332
14.2786,3.18853
14.2873,3.19357
14.296,3.19846
14.3048,3.20318
14.3137,3.20773
14.3227,3.21213
14.3318,3.21635
14.3409,3.22042
14.3501,3.22431
14.3594,3.22804
14.3687,3.2316
14.3781,3.235
14.3876,3.23823
14.3971,3.2413
14.4067,3.2442
14.4163,3.24693
14.426,3.24951
14.4357,3.25191
14.4454,3.25416
14.4552,3.25624
14.465,3.25817
14.4749,3.25993
14.4847,3.26153
14.4946,3.26298
14.5045,3.26427
14.5145,3.26541
14.5244,3.26639
14.5344,3.26723
14.5444,3.26791
14.5544,3.26844
14.5644,3.26883
14.5744,3.26907
14.5844,3.26917
14.5943,3.26913
14.6043,3.26894
14.6143,3.26862
14.6243,3.26816
14.6343,3.26757
14.6443,3.26685
14.6543,3.26599
14.6642,3.26501
14.6741,3.2639
14.6841,3.26267
14.694,3.26131
14.7039,3.25983
14.7137,3.25823
14.7236,3.25652
14.7334,3.25469
14.7432,3.25275
14.753,3.2507
14.7628,3.24854
14.7725,3.24627
14.7822,3.24389
14.7919,3.24142
14.8016,3.23884
14.8112,3.23616
14.8208,3.23338
14.8304,3.23051
14.84,3.22754
14.8495,3.22448
14.859,3.22133
14.8684,3.21809
14.8779,3.21476
14.8873,3.21135
14.8966,3.20785
14.906,3.20427
14.9153,3.20061
14.9245,3.19687
14.9338,3.19306
14.943,3.18916
14.9522,3.1852
14.9616,3.18186
14.971,3.17839
14.9803,3.17477
14.9896,3.17102
14.9988,3.16713
15.0079,3.16311
15.017,3.15896
15.0261,3.15469
15.0351,3.15029
15.044,3.14577
15.0528,3.14113
15.0616,3.13638
15.0704,3.13151
15.079,3.12653
15.0876,3.12144
15.0962,3.11624
15.1047,3.11094
15.1131,3.10553
15.1214,3.10003
15.1297,3.09443
15.1379,3.08873
15.1461,3.08294
15.1542,3.07706
15.1622,3.07109
15.1702,3.06504
15.1781,3.0589
15.1859,3.05268
15.1936,3.04637
15.2013,3.03999
15.209,3.03353
15.2165,3.027
15.2241,3.02039
15.2315,3.01371
15.2389,3.00696
15.2462,3.00015
15.2535,2.99327
15.2606,2.98632
15.2678,2.97931
15.2749,2.97224
15.2819,2.96512
15.2888,2.95793
15.2957,2.95068
15.3025,2.94339
15.3093,2.93603
15.316,2.92863
15.3227,2.92117
15.3293,2.91366
15.3359,2.90611
15.3424,2.89851
15.3488,2.89086
15.3552,2.88317
15.3615,2.87543
15.3678,2.86765
15.374,2.85983
15.3802,2.85197
15.3864,2.84407
15.3924,2.83613
15.3985,2.82815
15.4045,2.82014
15.4104,2.81209
15.4163,2.80401
15.4221,2.79589
15.4279,2.78774
15.4337,2.77956
15.4394,2.77135
15.445,2.76311
15.4507,2.75484
15.4562,2.74654
15.4618,2.73821
15.4673,2.72985
15.4727,2.72147
15.4781,2.71306
15.4835,2.70463
15.4888,2.69617
15.4941,2.68769
15.4994,2.67918
15.5046,2.67065
15.5098,2.6621
15.5149,2.65353
15.5201,2.64493
15.5251,2.63632
15.5302,2.62769
15.5352,2.61903
15.5402,2.61036
15.5451,2.60167
15.55,2.59296
15.5549,2.58424
15.5598,2.57549
15.5646,2.56673
15.5694,2.55796
15.5742,2.54916
15.5789,2.54036
15.5836,2.53153
15.5883,2.52269
15.593,2.5139
15.5977,2.50508
15.6024,2.49623
15.607,2.48736
15.6116,2.47846
15.6161,2.46953
15.6205,2.46058
15.625,2.45161
15.6293,2.44262
15.6337,2.4336
15.6379,2.42456
15.6422,2.41551
15.6464,2.40643
15.6505,2.39733
15.6546,2.38821
15.6587,2.37908
15.6627,2.36992
15.6667,2.36075
15.6707,2.35157
15.6746,2.34236
15.6784,2.33314
15.6823,2.32391
15.6861,2.31466
15.6898,2.30539
15.6936,2.29611
15.6973,2.28682
15.7009,2.27751
15.7045,2.26819
15.7081,2.25886
15.7117,2.24952
15.7152,2.24016
15.7187,2.23079
15.7222,2.22141
15.7256,2.21202
15.729,2.20262
15.7324,2.19321
15.7358,2.18379
15.7391,2.17436
15.7424,2.16491
15.7457,2.15546
15.7489,2.146
15.7521,2.13654
15.7553,2.12706
15.7585,2.11758
15.7616,2.10808
15.7647,2.09858
15.7678,2.08907
15.7709,2.07956
15.774,2.07003
15.777,2.0605
15.78,2.05097
15.783,2.04142
15.786,2.03187
15.7889,2.02232
15.7918,2.01275
15.7947,2.00319
15.7976,1.99361
15.8005,1.98403
15.8033,1.97445
15.8062,1.96486
15.809,1.95526
15.8118,1.94566
15.8146,1.93606
15.8173,1.92645
15.8201,1.91683
15.8228,1.90721
15.8255,1.89759
15.8282,1.88796
15.8309,1.87833
15.8336,1.8687
15.8363,1.85906
15.8389,1.84941
15.8416,1.83977
15.8442,1.83011
15.8468,1.82046
15.8494,1.8108
15.852,1.80114
15.8545,1.79148
15.8571,1.78181
15.8596,1.77214
15.8622,1.76247
15.8647,1.75279
15.8672,1.74312
15.8697,1.73344
15.8722,1.72375
15.8747,1.71407
15.8772,1.70438
15.8797,1.69469
15.8821,1.68499
15.8846,1.6753
15.887,1.6656
15.8894,1.6559
15.8919,1.6462
15.8943,1.6365
15.8967,1.62679
15.8991,1.61708
15.9015,1.60738
15.9039,1.59766
15.9063,1.58795
15.9086,1.57824
15.911,1.56853
15.9134,1.55881
15.9157,1.54909
15.9181,1.53937
15.9204,1.52964
15.9227,1.51991
15.925,1.51017
15.9272,1.50043
15.9295,1.49069
15.9317,1.48095
15.934,1.4712
15.9362,1.46145
15.9384,1.45169
15.9406,1.44194
15.9428,1.43218
15.9449,1.42241
15.9471,1.41265
15.9492,1.40288
15.9514,1.39311
15.9535,1.38334
15.9556,1.37357
15.9577,1.36379
15.9598,1.35401
15.9619,1.34423
15.9639,1.33444
15.966,1.32466
15.968,1.31487
15.9701,1.30508
15.9721,1.29529
15.9741,1.2855
15.9762,1.2757
15.9782,1.26591
15.9802,1.25611
15.9822,1.24631
15.9842,1.23651
15.9861,1.22671
15.9881,1.2169
15.9901,1.2071
15.992,1.19729
15.994,1.18748
15.9959,1.17767
15.9979,1.16786
15.9998,1.15805
16.0017,1.14824
16.0036,1.13843
16.0056,1.12861
16.0075,1.1188
16.0094,1.10898
16.0113,1.09916
16.0132,1.08934
16.0151,1.07952
16.0169,1.0697
16.0188,1.05988
16.0207,1.05006
16.0226,1.04024
16.0245,1.03041
16.0263,1.02059
16.0282,1.01076
16.03,1.00094
16.0319,0.991113
16.0338,0.981287
16.0356,0.971459
16.0375,0.961632
16.0393,0.951803
16.0411,0.941975
16.043,0.932145
16.0448,0.922316
16.0467,0.912485
16.0485,0.902655
16.0503,0.892824
16.0521,0.882993
16.054,0.873161
16.0558,0.863329
16.0576,0.853497
16.0594,0.843665
16.0613,0.833832
16.0631,0.823999
16.0649,0.814166
16.0667,0.804332
16.0685,0.794499
16.0704,0.784665
16.0722,0.774831
16.074,0.764997
16.0758,0.755163
16.0776,0.745329
16.0794,0.735495
16.0812,0.72566
16.0831,0.715826
16.0849,0.705991
16.0867,0.696157
16.0885,0.686323
16.0903,0.676488
16.0921,0.666654
16.0939,0.656819
16.0957,0.646985
16.0975,0.63715
16.0994,0.627316
16.1012,0.617482
16.103,0.607648
16.1048,0.597814
16.1066,0.58798
16.1084,0.578146
16.1103,0.568313
16.1121,0.558479
16.1139,0.548646
16.1157,0.538813
16.1175,0.52898
16.1194,0.519147
16.1212,0.509315
16.123,0.499482
16.1248,0.489649
16.1266,0.479816
16.1284,0.469982
16.1303,0.460149
16.1321,0.450315
16.1339,0.440482
16.1357,0.430648
16.1375,0.420814
16.1393,0.41098
16.1412,0.401146
16.143,0.391312
16.1448,0.381478
16.1466,0.371644
16.1484,0.36181
16.1502,0.351976
16.152,0.342142
16.1539,0.332309
16.1557,0.322475
16.1575,0.312641
16.1593,0.302807
16.1611,0.292974
16.1629,0.28314
16.1648,0.273307
16.1666,0.263474
16.1684,0.253641
16.1702,0.243808
16.172,0.233975
16.1739,0.224142
16.1757,0.21431
16.1775,0.204478
16.1793,0.194646
16.1812,0.184814
16.183,0.174982
16.1848,0.165151
16.1866,0.155319
16.1885,0.145488
16.1903,0.135658
16.1921,0.125827
16.194,0.115997
16.1958,0.106167
16.1977,0.0963375
16.1995,0.0865082
16.2013,0.0766791
16.2032,0.0668504
16.205,0.0570219
16.2069,0.0471938
16.2087,0.037366
16.2106,0.0275385
16.2124,0.0177114
16.2143,0.00788461
16.2161,-0.00194183
16.218,-0.0117679
16.2198,-0.0215936
16.2217,-0.031419
16.2236,-0.041244
16.2254,-0.0510685
16.2273,-0.0608927
16.2292,-0.0707166
16.231,-0.08054
16.2329,-0.090363
16.2348,-0.100186
16.2367,-0.110008
16.2385,-0.11983
16.2404,-0.129651
16.2423,-0.139472
16.2442,-0.149292
16.2461,-0.159112
16.248,-0.168932
16.2499,-0.178751
16.2518,-0.18857
16.2537,-0.198388
16.2556,-0.208206
16.2575,-0.218023
16.2594,-0.22784
16.2613,-0.237656
16.2632,-0.247472
16.2651,-0.257287
16.267,-0.267102
16.2689,-0.276917
16.2709,-0.28673
16.2728,-0.296544
16.2747,-0.306357
16.2766,-0.316169
16.2786,-0.325981
16.2805,-0.335792
16.2824,-0.345603
16.2844,-0.355413
16.2863,-0.365223
16.2883,-0.375032
16.2902,-0.384841
16.2921,-0.394649
16.2941,-0.404457
16.2961,-0.414264
16.298,-0.424071
16.3,-0.433877
16.3019,-0.443682
16.3039,-0.453487
16.3059,-0.463291
16.3078,-0.473095
16.3098,-0.482898
16.3118,-0.492701
16.3138,-0.502503
16.3158,-0.512305
16.3177,-0.522106
16.3197,-0.531906
16.3217,-0.541706
16.3237,-0.551504
16.3257,-0.561301
16.3277,-0.571097
16.3298,-0.58089
16.3318,-0.590683
16.3338,-0.600474
16.3359,-0.610263
16.3379,-0.620052
16.34,-0.629838
16.342,-0.639624
16.3441,-0.649407
16.3462,-0.65919
16.3482,-0.668971
16.3503,-0.678751
16.3524,-0.688529
16.3545,-0.698306
16.3566,-0.708081
16.3587,-0.717855
16.3609,-0.727628
16.363,-0.7374
16.3651,-0.74717
16.3673,-0.756939
16.3694,-0.766706
16.3716,-0.776472
16.3737,-0.786237
16.3759,-0.796001
16.378,-0.805763
16.3802,-0.815524
16.3824,-0.825284
16.3846,-0.835042
16.3868,-0.844799
16.389,-0.854555
16.3912,-0.86431
16.3934,-0.874063
16.3956,-0.883815
16.3978,-0.893566
16.4,-0.903316
16.4023,-0.913065
16.4045,-0.922812
16.4067,-0.932558
16.409,-0.942303
16.4112,-0.952046
16.4135,-0.961789
16.4157,-0.97153
16.418,-0.98127
16.4203,-0.991009
16.4225,-1.00075
16.4248,-1.01048
16.4271,-1.02022
16.4294,-1.02995
16.4317,-1.03969
16.434,-1.04942
16.4363,-1.05915
16.4386,-1.06888
16.4409,-1.07861
16.4432,-1.08834
16.4456,-1.09806
16.4479,-1.10779
16.4502,-1.11751
16.4526,-1.12723
16.4549,-1.13696
16.4572,-1.14668
16.4596,-1.1564
16.4619,-1.16612
16.4643,-1.17583
16.4667,-1.18555
16.469,-1.19527
16.4714,-1.20498
16.4738,-1.21469
16.4762,-1.22441
16.4786,-1.23412
16.4809,-1.24383
16.4833,-1.25354
16.4857,-1.26325
16.4881,-1.27295
16.4905,-1.28266
16.4929,-1.29237
16.4954,-1.30207
16.4978,-1.31177
16.5002,-1.32148
16.5026,-1.33118
16.5051,-1.34088
16.5075,-1.35058
16.5099,-1.36028
16.5124,-1.36997
16.5148,-1.37967
16.5173,-1.38937
16.5197,-1.39906
16.5222,-1.40876
16.5246,-1.41845
16.5271,-1.42814
16.5296,-1.43783
16.532,-1.44752
16.5345,-1.45721
16.537,-1.4669
16.5395,-1.47659
16.5419,-1.48627
16.5444,-1.49596
16.5469,-1.50564
16.5494,-1.51532
16.552,-1.52499
16.5545,-1.53466
16.5571,-1.54433
16.5597,-1.55399
16.5623,-1.56365
16.5649,-1.5733
16.5675,-1.58295
16.5702,-1.59259
16.5728,-1.60223
16.5755,-1.61187
16.5782,-1.6215
16.5809,-1.63112
16.5836,-1.64075
16.5863,-1.65037
16.5891,-1.65998
16.5918,-1.66959
16.5946,-1.6792
16.5974,-1.68881
16.6002,-1.69841
16.603,-1.708
16.6058,-1.7176
16.6087,-1.72718
16.6115,-1.73677
16.6144,-1.74635
16.6173,-1.75593
16.6201,-1.7655
16.623,-1.77508
16.626,-1.78464
16.6289,-1.79421
16.6318,-1.80377
16.6347,-1.81332
16.6377,-1.82288
16.6407,-1.83243
16.6436,-1.84198
16.6466,-1.85152
16.6496,-1.86106
16.6526,-1.8706
16.6556,-1.88013
16.6587,-1.88966
16.6617,-1.89919
16.6648,-1.90872
16.6678,-1.91824
16.6709,-1.92776
16.6739,-1.93728
16.677,-1.94679
16.6801,-1.9563
16.6832,-1.96581
16.6863,-1.97531
16.6894,-1.98481
16.6926,-1.99431
16.6957,-2.00381
16.6988,-2.0133
16.702,-2.02279
16.7052,-2.03228
16.7083,-2.04176
16.7115,-2.05125
16.7147,-2.06073
16.7179,-2.0702
16.7211,-2.07968
16.7243,-2.08915
16.7275,-2.09862
16.7307,-2.10809
16.7339,-2.11755
16.7372,-2.12702
16.7404,-2.13648
16.7437,-2.14594
16.7469,-2.15539
16.7502,-2.16484
16.7534,-2.17429
16.7567,-2.18374
16.76,-2.19319
16.7633,-2.20263
16.7666,-2.21208
16.7699,-2.22152
16.7732,-2.23095
16.7765,-2.24039
16.7798,-2.24982
16.7831,-2.25925
16.7865,-2.26868
16.7898,-2.27811
16.7932,-2.28751
16.7967,-2.29689
16.8002,-2.30626
16.8037,-2.31562
16.8073,-2.32496
16.8109,-2.33429
16.8145,-2.34361
16.8182,-2.35291
16.8219,-2.36221
16.8256,-2.37148
16.8293,-2.38075
16.8331,-2.39
16.837,-2.39924
16.8408,-2.40846
16.8447,-2.41768
16.8486,-2.42688
16.8526,-2.43607
16.8566,-2.44524
16.8606,-2.45441
16.8646,-2.46356
16.8686,-2.4727
16.8727,-2.48183
16.8768,-2.49094
16.881,-2.50005
16.8851,-2.50914
16.8893,-2.51822
16.8935,-2.52729
16.8978,-2.53635
16.902,-2.5454
16.9063,-2.55444
16.9106,-2.56346
16.9149,-2.57248
16.9193,-2.58148
16.9237,-2.59047
16.9281,-2.59946
16.9325,-2.60843
16.9369,-2.61739
16.9414,-2.62635
16.9458,-2.63529
16.9503,-2.64422
16.9548,-2.65315
16.9594,-2.66206
16.9639,-2.67096
16.9685,-2.67986
16.9731,-2.68874
16.9777,-2.69762
16.9823,-2.70648
16.987,-2.71534
16.9916,-2.72419
16.9963,-2.73303
17.001,-2.74186
17.0057,-2.75068
17.0104,-2.7595
17.0152,-2.7683
17.0199,-2.7771
17.0247,-2.78589
17.0297,-2.79456
17.0347,-2.80318
17.0399,-2.81174
17.0452,-2.82025
17.0505,-2.82871
17.0559,-2.83711
17.0614,-2.84546
17.067,-2.85376
17.0726,-2.86201
17.0784,-2.8702
17.0842,-2.87834
17.0901,-2.88642
17.096,-2.89445
17.1021,-2.90243
17.1082,-2.91036
17.1143,-2.91823
17.1206,-2.92605
17.1269,-2.93382
17.1332,-2.94153
17.1396,-2.9492
17.1461,-2.95681
17.1527,-2.96437
17.1593,-2.97188
17.1659,-2.97934
17.1727,-2.98675
17.1794,-2.99411
17.1863,-3.00142
17.1931,-3.00868
17.2001,-3.01589
17.207,-3.02305
17.2141,-3.03017
17.2211,-3.03723
17.2283,-3.04425
17.2354,-3.05123
17.2426,-3.05815
17.2499,-3.06503
17.2572,-3.07187
17.2641,-3.07906
17.2712,-3.08611
17.2784,-3.09304
17.2858,-3.09983
17.2932,-3.10649
17.3008,-3.11301
17.3085,-3.11938
17.3163,-3.12562
17.3243,-3.13172
17.3323,-3.13767
17.3405,-3.14348
17.3487,-3.14914
17.357,-3.15465
17.3655,-3.16002
17.374,-3.16524
17.3826,-3.17032
17.3913,-3.17524
17.4001,-3.18002
17.409,-3.18464
17.4179,-3.18912
17.4269,-3.19345
17.436,-3.19762
17.4452,-3.20165
17.4544,-3.20554
17.4637,-3.20927
17.473,-3.21285
17.4824,-3.21629
17.4918,-3.21958
17.5013,-3.22273
17.5109,-3.22573
17.5204,-3.22859
17.5301,-3.2313
17.5397,-3.23387
17.5494,-3.2363
17.5592,-3.23859
17.5689,-3.24075
17.5787,-3.24276
17.5886,-3.24464
17.5984,-3.24639
17.6083,-3.248
17.6182,-3.24948
17.6281,-3.25083
17.638,-3.25205
17.6479,-3.25314
17.6579,-3.25411
17.6678,-3.25495
17.6778,-3.25567
17.6878,-3.25627
17.6978,-3.25675
17.7078,-3.25711
17.7178,-3.25735
17.7278,-3.25748
17.7378,-3.2575
17.7478,-3.25741
17.7578,-3.2572
17.7678,-3.25689
17.7778,-3.25647
17.7878,-3.25595
17.7977,-3.25532
17.8077,-3.2546
17.8177,-3.25377
17.8276,-3.25284
17.8376,-3.25182
17.8475,-3.2507
17.8574,-3.24949
17.8674,-3.24925
17.8774,-3.24884
17.8874,-3.24825
17.8974,-3.24748
17.9073,-3.24655
17.9173,-3.24544
17.9272,-3.24417
17.9371,-3.24273
17.947,-3.24113
17.9568,-3.23937
17.9666,-3.23745
17.9764,-3.23537
17.9862,-3.23314
17.9959,-3.23075
18.0055,-3.22822
18.0152,-3.22554
18.0248,-3.22272
18.0343,-3.21975
18.0438,-3.21664
18.0533,-3.2134
18.0627,-3.21002
18.0721,-3.20651
18.0814,-3.20287
18.0906,-3.1991
18.0998,-3.1952
18.109,-3.19119
18.1181,-3.18705
18.1272,-3.18279
18.1361,-3.17842
18.1451,-3.17394
18.154,-3.16935
18.1628,-3.16464
18.1716,-3.15983
18.1803,-3.15492
18.1889,-3.14991
18.1975,-3.14479
18.206,-3.13958
18.2145,-3.13428
18.2229,-3.12888
18.2313,-3.12339
18.2396,-3.11781
18.2478,-3.11214
18.256,-3.10639
18.2641,-3.10056
18.2722,-3.09465
18.2802,-3.08865
18.2882,-3.08258
18.2961,-3.07644
18.3039,-3.07022
18.3117,-3.06393
18.3194,-3.05757
18.327,-3.05114
18.3346,-3.04464
18.3422,-3.03808
18.3497,-3.03146
18.3571,-3.02477
18.3645,-3.01802
18.3718,-3.01121
18.3791,-3.00435
18.3863,-2.99743
18.3935,-2.99045
18.4006,-2.98342
18.4076,-2.97634
18.4146,-2.96921
18.4216,-2.96203
18.4285,-2.9548
18.4354,-2.94752
18.4422,-2.9402
18.4489,-2.93283
18.4557,-2.92542
18.4623,-2.91796
18.4689,-2.91046
18.4755,-2.90293
18.482,-2.89535
18.4885,-2.88773
18.4949,-2.88008
18.5013,-2.87239
18.5077,-2.86466
18.514,-2.8569
18.5203,-2.8491
18.5265,-2.84127
18.5327,-2.83341
18.5388,-2.82552
18.5449,-2.81759
18.551,-2.80964
18.557,-2.80166
18.563,-2.79364
18.5689,-2.7856
18.5748,-2.77753
18.5807,-2.76944
18.5865,-2.76132
18.5923,-2.75317
18.5981,-2.745
18.604,-2.73694
18.6099,-2.72883
18.6156,-2.72068
18.6214,-2.71248
18.627,-2.70424
18.6326,-2.69596
18.6382,-2.68764
18.6437,-2.67928
18.6491,-2.67088
18.6545,-2.66244
18.6598,-2.65397
18.6651,-2.64547
18.6703,-2.63693
18.6754,-2.62836
18.6805,-2.61976
18.6856,-2.61112
18.6905,-2.60246
18.6955,-2.59376
18.7004,-2.58504
18.7052,-2.57629
18.71,-2.56751
18.7148,-2.55871
18.7195,-2.54988
18.7241,-2.54103
18.7287,-2.53215
18.7333,-2.52325
18.7378,-2.51433
18.7423,-2.50539
18.7467,-2.49642
18.7511,-2.48743
18.7554,-2.47843
18.7597,-2.4694
18.764,-2.46035
18.7682,-2.45129
18.7724,-2.44221
18.7765,-2.43311
18.7806,-2.42399
18.7847,-2.41486
18.7888,-2.40571
18.7927,-2.39654
18.7967,-2.38736
18.8006,-2.37817
18.8045,-2.36896
18.8084,-2.35973
18.8122,-2.3505
18.816,-2.34124
18.8198,-2.33198
18.8235,-2.3227
18.8272,-2.31342
18.8309,-2.30412
18.8346,-2.2948
18.8382,-2.28548
18.8418,-2.27615
18.8453,-2.2668
18.8489,-2.25745
18.8524,-2.24808
18.8558,-2.23871
18.8593,-2.22932
18.8627,-2.21993
18.8661,-2.21053
18.8695,-2.20112
18.8729,-2.1917
18.8762,-2.18227
18.8795,-2.17284
18.8828,-2.16339
18.8861,-2.15394
18.8893,-2.14448
18.8926,-2.13502
18.8958,-2.12554
18.8989,-2.11606
18.9021,-2.10658
18.9052,-2.09709
18.9084,-2.08759
18.9115,-2.07808
18.9146,-2.06857
18.9176,-2.05905
18.9207,-2.04953
18.9237,-2.04
18.9268,-2.03047
18.9298,-2.02093
18.9327,-2.01139
18.9357,-2.00184
18.9387,-1.99229
18.9416,-1.98273
18.9445,-1.97317
18.9475,-1.9636
18.9504,-1.95403
18.9532,-1.94446
18.9561,-1.93488
18.959,-1.9253
18.9618,-1.91571
18.9646,-1.90612
18.9675,-1.89653
18.9703,-1.88693
18.9731,-1.87733
18.9759,-1.86772
18.9786,-1.85812
18.9814,-1.84851
18.9842,-1.8389
18.9869,-1.82929
18.9897,-1.81967
18.9924,-1.81005
18.9951,-1.80041
18.9978,-1.79078
19.0004,-1.78113
19.003,-1.77149
19.0056,-1.76183
19.0082,-1.75217
19.0108,-1.74251
19.0133,-1.73283
19.0159,-1.72316
19.0184,-1.71348
19.0209,-1.70379
19.0233,-1.6941
19.0258,-1.68441
19.0282,-1.67471
19.0306,-1.66501
19.033,-1.6553
19.0354,-1.64559
19.0378,-1.63588
19.0402,-1.62616
19.0425,-1.61644
19.0448,-1.60671
19.0471,-1.59698
19.0494,-1.58725
19.0517,-1.57752
19.054,-1.56778
19.0563,-1.55804
19.0585,-1.54829
19.0607,-1.53855
19.063,-1.5288
19.0652,-1.51904
19.0674,-1.50929
19.0696,-1.49953
19.0717,-1.48977
19.0739,-1.48001
19.0761,-1.47024
19.0782,-1.46047
19.0803,-1.45071
19.0825,-1.44093
19.0846,-1.43116
19.0867,-1.42138
19.0888,-1.41161
19.0909,-1.40183
19.093,-1.39205
19.095,-1.38226
19.0971,-1.37248
19.0991,-1.36269
19.1012,-1.3529
19.1032,-1.34311
19.1053,-1.33332
19.1073,-1.32353
19.1093,-1.31373
19.1113,-1.30394
19.1133,-1.29414
19.1153,-1.28434
19.1173,-1.27454
19.1193,-1.26474
19.1213,-1.25494
19.1233,-1.24514
19.1252,-1.23534
19.1272,-1.22553
19.1292,-1.21572
19.1311,-1.20592
19.1331,-1.19611
19.135,-1.1863
19.1369,-1.17649
19.1389,-1.16668
19.1408,-1.15687
19.1427,-1.14706
19.1447,-1.13724
19.1466,-1.12743
19.1485,-1.11762
19.1504,-1.1078
19.1523,-1.09798
19.1542,-1.08817
19.1561,-1.07835
19.1581,-1.06853
19.16,-1.05872
19.1618,-1.0489
19.1637,-1.03908
19.1656,-1.02926
19.1675,-1.01944
19.1694,-1.00962
19.1713,-0.9998
19.1732,-0.989979
19.1751,-0.980158
19.1769,-0.970336
19.1788,-0.960515
19.1807,-0.950693
19.1826,-0.94087
19.1845,-0.931048
19.1863,-0.921225
19.1882,-0.911402
19.1901,-0.901579
19.192,-0.891756
19.1938,-0.881932
19.1957,-0.872109
19.1976,-0.862285
19.1994,-0.852461
19.2013,-0.842637
19.2032,-0.832813
19.205,-0.82299
19.2069,-0.813166
19.2088,-0.803342
19.2106,-0.793518
19.2125,-0.783693
19.2144,-0.773867
19.2162,-0.76404
19.2181,-0.754213
19.2199,-0.744385
19.2218,-0.734557
19.2236,-0.724728
19.2254,-0.714898
19.2273,-0.705068
19.2291,-0.695237
19.2309,-0.685406
19.2328,-0.675574
19.2346,-0.665742
19.2364,-0.65591
19.2382,-0.646077
19.24,-0.636244
19.2419,-0.62641
19.2437,-0.616576
19.2455,-0.606741
19.2473,-0.596907
19.2491,-0.587072
19.2509,-0.577237
19.2527,-0.567401
19.2545,-0.557565
19.2563,-0.547729
19.2581,-0.537893
19.2599,-0.528057
19.2617,-0.51822
19.2635,-0.508384
19.2653,-0.498547
19.2671,-0.48871
19.2689,-0.478873
19.2707,-0.469036
19.2725,-0.459199
19.2743,-0.449362
19.2761,-0.439524
19.2779,-0.429687
19.2797,-0.41985
19.2815,-0.410012
19.2833,-0.400175
19.2851,-0.390338
19.2869,-0.3805
19.2887,-0.370663
19.2905,-0.360826
19.2923,-0.350989
19.2941,-0.341152
19.2959,-0.331315
19.2977,-0.321478
19.2995,-0.311641
19.3013,-0.301804
19.3031,-0.291968
19.3049,-0.282132
19.3067,-0.272295
19.3085,-0.262459
19.3103,-0.252623
19.3121,-0.242788
19.3139,-0.232952
19.3157,-0.223117
19.3175,-0.213282
19.3193,-0.203447
19.3211,-0.193612
19.323,-0.183778
19.3248,-0.173944
19.3266,-0.16411
19.3284,-0.154276
19.3302,-0.144443
19.332,-0.13461
19.3339,-0.124777
19.3357,-0.114944
19.3375,-0.105112
19.3393,-0.0952802
19.3412,-0.0854486
19.343,-0.0756173
19.3448,-0.0657864
19.3467,-0.0559558
19.3485,-0.0461255
19.3503,-0.0362956
19.3522,-0.026466
19.354,-0.0166368
19.3559,-0.00680797
19.3577,0.0030205
19.3595,0.0128486
19.3614,0.0226763
19.3632,0.0325036
19.3651,0.0423305
19.3669,0.052157
19.3688,0.0619831
19.3707,0.0718088
19.3725,0.081634
19.3744,0.0914589
19.3763,0.101283
19.3781,0.111107
19.38,0.120931
19.3819,0.130754
19.3837,0.140577
19.3856,0.150399
19.3875,0.16022
19.3894,0.170042
19.3913,0.179862
19.3932,0.189683
19.395,0.199503
19.3969,0.209322
19.3988,0.219141
19.4007,0.228959
19.4026,0.238777
19.4045,0.248595
19.4064,0.258411
19.4083,0.268228
19.4103,0.278043
19.4122,0.287857
19.4141,0.29767
19.416,0.307482
19.418,0.317293
19.4199,0.327104
19.4218,0.336913
19.4238,0.346721
19.4257,0.356528
19.4277,0.366334
19.4297,0.376139
19.4316,0.385944
19.4336,0.395747
19.4356,0.405549
19.4376,0.41535
19.4396,0.42515
19.4416,0.43495
19.4436,0.444748
19.4456,0.454545
19.4476,0.464342
19.4496,0.474137
19.4516,0.483932
19.4536,0.493725
19.4556,0.503518
19.4577,0.513309
19.4597,0.5231
19.4618,0.53289
19.4638,0.542678
19.4658,0.552466
19.4679,0.562253
19.47,0.572039
19.472,0.581824
19.4741,0.591608
19.4762,0.601391
19.4782,0.611173
19.4803,0.620954
19.4824,0.630735
19.4845,0.640514
19.4866,0.650292
19.4887,0.66007
19.4908,0.669847
19.4929,0.679622
19.495,0.689397
19.4971,0.699171
19.4992,0.708944
19.5014,0.718716
19.5035,0.728487
19.5056,0.738257
19.5077,0.748027
19.5099,0.757795
19.512,0.767563
19.5142,0.777329
19.5163,0.787095
19.5185,0.79686
19.5206,0.806624
19.5228,0.816387
19.525,0.82615
19.5271,0.835911
19.5293,0.845671
19.5315,0.855431
19.5337,0.86519
19.5359,0.874948
19.5381,0.884705
19.5403,0.894461
19.5425,0.904216
19.5447,0.91397
19.5469,0.923724
19.5491,0.933477
19.5513,0.943228
19.5535,0.952979
19.5557,0.96273
19.558,0.972479
19.5602,0.982227
19.5624,0.991975
19.5647,1.00172
19.5669,1.01147
19.5691,1.02121
19.5714,1.03096
19.5736,1.0407
19.5759,1.05044
19.5781,1.06018
19.5804,1.06993
19.5827,1.07967
19.5849,1.0894
19.5872,1.09914
19.5895,1.10888
19.5918,1.11862
19.5941,1.12835
19.5963,1.13809
19.5986,1.14782
19.6009,1.15756
19.6032,1.16729
19.6055,1.17702
19.6078,1.18675
19.6101,1.19648
19.6124,1.20621
19.6148,1.21594
19.6171,1.22567
19.6194,1.2354
19.6217,1.24512
19.624,1.25485
19.6264,1.26457
19.6287,1.27429
19.6311,1.28401
19.6335,1.29372
19.6359,1.30343
19.6383,1.31314
19.6407,1.32284
19.6431,1.33254
19.6455,1.34224
19.648,1.35193
19.6505,1.36162
19.6529,1.37131
19.6554,1.381
19.6579,1.39068
19.6605,1.40036
19.663,1.41003
19.6655,1.41971
19.6681,1.42937
19.6706,1.43904
19.6732,1.44871
19.6758,1.45837
19.6784,1.46802
19.681,1.47768
19.6836,1.48733
19.6862,1.49698
19.6889,1.50663
19.6915,1.51627
19.6942,1.52591
19.6968,1.53555
19.6995,1.54519
19.7022,1.55482
19.7049,1.56445
19.7076,1.57408
19.7103,1.58371
19.713,1.59333
19.7157,1.60295
19.7185,1.61257
19.7212,1.62218
19.724,1.6318
19.7267,1.64141
19.7295,1.65102
19.7323,1.66062
19.7351,1.67023
19.7379,1.67983
19.7407,1.68943
19.7435,1.69902
19.7463,1.70862
19.7491,1.71821
19.7519,1.7278
19.7548,1.73739
19.7576,1.74697
19.7605,1.75656
19.7634,1.76614
19.7662,1.77572
19.7691,1.78529
19.772,1.79487
19.7749,1.80444
19.7778,1.81401
19.7807,1.82358
19.7836,1.83315
19.7865,1.84271
19.7894,1.85228
19.7924,1.86184
19.7953,1.8714
19.7983,1.88095
19.8012,1.89051
19.8042,1.90006
19.8071,1.90961
19.8101,1.91916
19.8131,1.92871
19.816,1.93826
19.819,1.9478
19.822,1.95734
19.825,1.96688
19.828,1.97642
19.831,1.98596
19.834,1.99549
19.837,2.00503
19.8401,2.01456
19.8431,2.02409
19.8461,2.03362
19.8492,2.04315
19.8522,2.05267
19.8553,2.0622
19.8583,2.07172
19.8614,2.08124
19.8644,2.09076
19.8675,2.10028
19.8707,2.10977
19.8738,2.11925
19.877,2.12873
19.8803,2.13819
19.8835,2.14765
19.8868,2.15709
19.8901,2.16653
19.8934,2.17595
19.8968,2.18537
19.9002,2.19478
19.9036,2.20417
19.9071,2.21356
19.9105,2.22294
19.914,2.23231
19.9175,2.24167
19.9211,2.25103
19.9246,2.26037
19.9282,2.26971
19.9318,2.27903
19.9355,2.28835
19.9391,2.29766
19.9428,2.30696
19.9465,2.31625
19.9502,2.32554
19.9539,2.33481
19.9577,2.34408
19.9615,2.35334
19.9653,2.36259
19.9691,2.37184
19.9729,2.38107
19.9768,2.3903
19.9806,2.39952
19.9845,2.40874
19.9884,2.41794
19.9923,2.42714
19.9963,2.43633
20.0002,2.44552
20.0042,2.45469
20.0082,2.46386
20.0122,2.47303
20.0162,2.48218
20.0203,2.49133
20.0243,2.50047
20.0284,2.50961
20.0325,2.51874
20.0366,2.52786
20.0407,2.53698
20.0448,2.54608
20.0489,2.55519
20.0531,2.56429
20.0573,2.57338
20.0614,2.58246
20.0656,2.59154
20.0698,2.60061
20.0741,2.60968
20.0783,2.61874
20.0825,2.6278
20.0868,2.63685
20.091,2.64589
20.0953,2.65493
20.0996,2.66396
20.1039,2.67299
20.1082,2.68201
